2025-01-17T17:28:20.878-05:00  INFO 5509 --- [main] com.example.clinic.ClinicApplication     : Starting ClinicApplication using Java 17.0.13 with PID 5509 (/home/nar/IdeaProjects/clinic/target/classes started by nar in /home/nar/IdeaProjects/clinic)
2025-01-17T17:28:20.920-05:00  INFO 5509 --- [main] com.example.clinic.ClinicApplication     : No active profile set, falling back to 1 default profile: "default"
2025-01-17T17:28:20.922-05:00 DEBUG 5509 --- [main] o.s.boot.SpringApplication               : Loading source class com.example.clinic.ClinicApplication
2025-01-17T17:28:21.300-05:00 DEBUG 5509 --- [main] ConfigServletWebServerApplicationContext : Refreshing org.springframework.boot.web.servlet.context.AnnotationConfigServletWebServerApplicationContext@7f6f61c8
2025-01-17T17:28:21.449-05:00 DEBUG 5509 --- [main] o.s.b.f.s.DefaultListableBeanFactory     : Creating shared instance of singleton bean 'org.springframework.context.annotation.internalConfigurationAnnotationProcessor'
2025-01-17T17:28:21.577-05:00 DEBUG 5509 --- [main] o.s.b.f.s.DefaultListableBeanFactory     : Creating shared instance of singleton bean 'org.springframework.boot.autoconfigure.internalCachingMetadataReaderFactory'
2025-01-17T17:28:22.001-05:00 DEBUG 5509 --- [main] o.s.c.a.ClassPathBeanDefinitionScanner   : Identified candidate component class: file [/home/nar/IdeaProjects/clinic/target/classes/com/example/clinic/Config/SecurityConfig.class]
2025-01-17T17:28:22.114-05:00 DEBUG 5509 --- [main] o.s.c.a.ClassPathBeanDefinitionScanner   : Identified candidate component class: file [/home/nar/IdeaProjects/clinic/target/classes/com/example/clinic/Controller/AdminController.class]
2025-01-17T17:28:22.209-05:00 DEBUG 5509 --- [main] o.s.c.a.ClassPathBeanDefinitionScanner   : Identified candidate component class: file [/home/nar/IdeaProjects/clinic/target/classes/com/example/clinic/Controller/UserController.class]
2025-01-17T17:28:22.308-05:00 DEBUG 5509 --- [main] o.s.c.a.ClassPathBeanDefinitionScanner   : Identified candidate component class: file [/home/nar/IdeaProjects/clinic/target/classes/com/example/clinic/Exception/GlobalHandlerExceptions.class]
2025-01-17T17:28:22.316-05:00 DEBUG 5509 --- [main] o.s.c.a.ClassPathBeanDefinitionScanner   : Ignored because not a concrete top-level class: file [/home/nar/IdeaProjects/clinic/target/classes/com/example/clinic/Repository/IAppointmentRepository.class]
2025-01-17T17:28:22.321-05:00 DEBUG 5509 --- [main] o.s.c.a.ClassPathBeanDefinitionScanner   : Ignored because not a concrete top-level class: file [/home/nar/IdeaProjects/clinic/target/classes/com/example/clinic/Repository/IScheduleRepository.class]
2025-01-17T17:28:22.327-05:00 DEBUG 5509 --- [main] o.s.c.a.ClassPathBeanDefinitionScanner   : Ignored because not a concrete top-level class: file [/home/nar/IdeaProjects/clinic/target/classes/com/example/clinic/Repository/IUserRepository.class]
2025-01-17T17:28:22.342-05:00 DEBUG 5509 --- [main] o.s.c.a.ClassPathBeanDefinitionScanner   : Identified candidate component class: file [/home/nar/IdeaProjects/clinic/target/classes/com/example/clinic/Service/Impl/AppointmentServiceImpl.class]
2025-01-17T17:28:22.350-05:00 DEBUG 5509 --- [main] o.s.c.a.ClassPathBeanDefinitionScanner   : Identified candidate component class: file [/home/nar/IdeaProjects/clinic/target/classes/com/example/clinic/Service/Impl/ScheduleServiceImpl.class]
2025-01-17T17:28:22.366-05:00 DEBUG 5509 --- [main] o.s.c.a.ClassPathBeanDefinitionScanner   : Identified candidate component class: file [/home/nar/IdeaProjects/clinic/target/classes/com/example/clinic/Service/Impl/UserSiviceImpl.class]
2025-01-17T17:28:26.084-05:00  INFO 5509 --- [main] .s.d.r.c.RepositoryConfigurationDelegate : Bootstrapping Spring Data JPA repositories in DEFAULT mode.
2025-01-17T17:28:26.110-05:00 DEBUG 5509 --- [main] o.s.b.f.s.DefaultListableBeanFactory     : Creating shared instance of singleton bean 'org.springframework.boot.autoconfigure.AutoConfigurationPackages'
2025-01-17T17:28:26.127-05:00 DEBUG 5509 --- [main] o.s.b.a.AutoConfigurationPackages        : @EnableAutoConfiguration was declared on a class in the package 'com.example.clinic'. Automatic @Repository and @Entity scanning is enabled.
2025-01-17T17:28:26.128-05:00 DEBUG 5509 --- [main] .s.d.r.c.RepositoryConfigurationDelegate : Scanning for JPA repositories in packages com.example.clinic.
2025-01-17T17:28:26.162-05:00 DEBUG 5509 --- [main] o.s.d.r.c.RepositoryComponentProvider    : Identified candidate component class: file [/home/nar/IdeaProjects/clinic/target/classes/com/example/clinic/Repository/IAppointmentRepository.class]
2025-01-17T17:28:26.163-05:00 DEBUG 5509 --- [main] o.s.d.r.c.RepositoryComponentProvider    : Identified candidate component class: file [/home/nar/IdeaProjects/clinic/target/classes/com/example/clinic/Repository/IScheduleRepository.class]
2025-01-17T17:28:26.163-05:00 DEBUG 5509 --- [main] o.s.d.r.c.RepositoryComponentProvider    : Identified candidate component class: file [/home/nar/IdeaProjects/clinic/target/classes/com/example/clinic/Repository/IUserRepository.class]
2025-01-17T17:28:26.237-05:00 DEBUG 5509 --- [main] ssPathScanningCandidateComponentProvider : Identified candidate component class: file [/home/nar/IdeaProjects/clinic/target/classes/com/example/clinic/Service/Impl/AppointmentServiceImpl.class]
2025-01-17T17:28:26.237-05:00 DEBUG 5509 --- [main] ssPathScanningCandidateComponentProvider : Identified candidate component class: file [/home/nar/IdeaProjects/clinic/target/classes/com/example/clinic/Service/Impl/ScheduleServiceImpl.class]
2025-01-17T17:28:26.237-05:00 DEBUG 5509 --- [main] ssPathScanningCandidateComponentProvider : Identified candidate component class: file [/home/nar/IdeaProjects/clinic/target/classes/com/example/clinic/Service/Impl/UserSiviceImpl.class]
2025-01-17T17:28:26.237-05:00 DEBUG 5509 --- [main] ssPathScanningCandidateComponentProvider : Identified candidate component class: file [/home/nar/IdeaProjects/clinic/target/classes/com/example/clinic/Service/Impl/UserUserDetailsServiceImpl.class]
2025-01-17T17:28:26.267-05:00  INFO 5509 --- [main] .s.d.r.c.RepositoryConfigurationDelegate : Finished Spring Data repository scanning in 134 ms. Found 3 JPA repository interfaces.
2025-01-17T17:28:26.692-05:00 DEBUG 5509 --- [main] o.s.b.f.s.DefaultListableBeanFactory     : Creating shared instance of singleton bean 'springSecurityHandlerMappingIntrospectorBeanDefinitionRegistryPostProcessor'
2025-01-17T17:28:26.882-05:00 DEBUG 5509 --- [main] o.s.b.f.s.DefaultListableBeanFactory     : Creating shared instance of singleton bean 'propertySourcesPlaceholderConfigurer'
2025-01-17T17:28:26.901-05:00 DEBUG 5509 --- [main] o.s.b.f.s.DefaultListableBeanFactory     : Creating shared instance of singleton bean 'emBeanDefinitionRegistrarPostProcessor'
2025-01-17T17:28:26.903-05:00 DEBUG 5509 --- [main] o.s.b.f.s.DefaultListableBeanFactory     : Creating shared instance of singleton bean 'org.springframework.boot.sql.init.dependency.DatabaseInitializationDependencyConfigurer$DependsOnDatabaseInitializationPostProcessor'
2025-01-17T17:28:27.023-05:00 DEBUG 5509 --- [main] o.s.b.f.s.DefaultListableBeanFactory     : Creating shared instance of singleton bean 'org.springframework.context.event.internalEventListenerProcessor'
2025-01-17T17:28:27.031-05:00 DEBUG 5509 --- [main] o.s.b.f.s.DefaultListableBeanFactory     : Creating shared instance of singleton bean 'conversionServicePostProcessor'
2025-01-17T17:28:27.059-05:00 DEBUG 5509 --- [main] o.s.b.f.s.DefaultListableBeanFactory     : Creating shared instance of singleton bean 'preserveErrorControllerTargetClassPostProcessor'
2025-01-17T17:28:27.062-05:00 DEBUG 5509 --- [main] o.s.b.f.s.DefaultListableBeanFactory     : Creating shared instance of singleton bean 'org.springframework.context.event.internalEventListenerFactory'
2025-01-17T17:28:27.063-05:00 DEBUG 5509 --- [main] o.s.b.f.s.DefaultListableBeanFactory     : Creating shared instance of singleton bean 'org.springframework.transaction.config.internalTransactionalEventListenerFactory'
2025-01-17T17:28:27.075-05:00 DEBUG 5509 --- [main] o.s.b.f.s.DefaultListableBeanFactory     : Creating shared instance of singleton bean 'org.springframework.context.annotation.internalAutowiredAnnotationProcessor'
2025-01-17T17:28:27.081-05:00 DEBUG 5509 --- [main] o.s.b.f.s.DefaultListableBeanFactory     : Creating shared instance of singleton bean 'org.springframework.context.annotation.internalCommonAnnotationProcessor'
2025-01-17T17:28:27.091-05:00 DEBUG 5509 --- [main] o.s.b.f.s.DefaultListableBeanFactory     : Creating shared instance of singleton bean 'org.springframework.context.annotation.internalPersistenceAnnotationProcessor'
2025-01-17T17:28:27.092-05:00 DEBUG 5509 --- [main] o.s.b.f.s.DefaultListableBeanFactory     : Creating shared instance of singleton bean 'org.springframework.boot.context.properties.ConfigurationPropertiesBindingPostProcessor'
2025-01-17T17:28:27.092-05:00 DEBUG 5509 --- [main] o.s.b.f.s.DefaultListableBeanFactory     : Creating shared instance of singleton bean 'org.springframework.boot.context.internalConfigurationPropertiesBinder'
2025-01-17T17:28:27.098-05:00 DEBUG 5509 --- [main] o.s.b.f.s.DefaultListableBeanFactory     : Creating shared instance of singleton bean 'jdbcConnectionDetailsHikariBeanPostProcessor'
2025-01-17T17:28:27.106-05:00 DEBUG 5509 --- [main] o.s.b.f.s.DefaultListableBeanFactory     : Creating shared instance of singleton bean 'methodValidationPostProcessor'
2025-01-17T17:28:27.111-05:00 DEBUG 5509 --- [main] o.s.b.f.s.DefaultListableBeanFactory     : Autowiring by type from bean name 'methodValidationPostProcessor' via factory method to bean named 'environment'
2025-01-17T17:28:27.149-05:00 DEBUG 5509 --- [main] o.s.b.f.s.DefaultListableBeanFactory     : Creating shared instance of singleton bean 'org.springframework.boot.context.properties.EnableConfigurationPropertiesRegistrar.methodValidationExcludeFilter'
2025-01-17T17:28:27.210-05:00 DEBUG 5509 --- [main] o.s.b.f.s.DefaultListableBeanFactory     : Creating shared instance of singleton bean 'org.springframework.aop.config.internalAutoProxyCreator'
2025-01-17T17:28:27.250-05:00 DEBUG 5509 --- [main] o.s.b.f.s.DefaultListableBeanFactory     : Creating shared instance of singleton bean 'persistenceExceptionTranslationPostProcessor'
2025-01-17T17:28:27.252-05:00 DEBUG 5509 --- [main] o.s.b.f.s.DefaultListableBeanFactory     : Autowiring by type from bean name 'persistenceExceptionTranslationPostProcessor' via factory method to bean named 'environment'
2025-01-17T17:28:27.259-05:00 DEBUG 5509 --- [main] o.s.b.f.s.DefaultListableBeanFactory     : Creating shared instance of singleton bean 'webServerFactoryCustomizerBeanPostProcessor'
2025-01-17T17:28:27.262-05:00 DEBUG 5509 --- [main] o.s.b.f.s.DefaultListableBeanFactory     : Creating shared instance of singleton bean 'errorPageRegistrarBeanPostProcessor'
2025-01-17T17:28:27.265-05:00 DEBUG 5509 --- [main] o.s.b.f.s.DefaultListableBeanFactory     : Creating shared instance of singleton bean 'projectingArgumentResolverBeanPostProcessor'
2025-01-17T17:28:27.271-05:00 DEBUG 5509 --- [main] o.s.b.f.s.DefaultListableBeanFactory     : Creating shared instance of singleton bean 'org.springframework.transaction.config.internalTransactionAdvisor'
2025-01-17T17:28:27.272-05:00 DEBUG 5509 --- [main] o.s.b.f.s.DefaultListableBeanFactory     : Creating shared instance of singleton bean 'org.springframework.transaction.annotation.ProxyTransactionManagementConfiguration'
2025-01-17T17:28:27.317-05:00 DEBUG 5509 --- [main] o.s.b.f.s.DefaultListableBeanFactory     : Creating shared instance of singleton bean 'transactionAttributeSource'
2025-01-17T17:28:27.329-05:00 DEBUG 5509 --- [main] o.s.b.f.s.DefaultListableBeanFactory     : Creating shared instance of singleton bean 'transactionInterceptor'
2025-01-17T17:28:27.331-05:00 DEBUG 5509 --- [main] o.s.b.f.s.DefaultListableBeanFactory     : Autowiring by type from bean name 'transactionInterceptor' via factory method to bean named 'transactionAttributeSource'
2025-01-17T17:28:27.341-05:00 DEBUG 5509 --- [main] o.s.b.f.s.DefaultListableBeanFactory     : Autowiring by type from bean name 'org.springframework.transaction.config.internalTransactionAdvisor' via factory method to bean named 'transactionAttributeSource'
2025-01-17T17:28:27.342-05:00 DEBUG 5509 --- [main] o.s.b.f.s.DefaultListableBeanFactory     : Autowiring by type from bean name 'org.springframework.transaction.config.internalTransactionAdvisor' via factory method to bean named 'transactionInterceptor'
2025-01-17T17:28:27.394-05:00 DEBUG 5509 --- [main] o.s.u.c.s.UiApplicationContextUtils      : Unable to locate ThemeSource with name 'themeSource': using default [org.springframework.ui.context.support.ResourceBundleThemeSource@34d713a2]
2025-01-17T17:28:27.396-05:00 DEBUG 5509 --- [main] o.s.b.f.s.DefaultListableBeanFactory     : Creating shared instance of singleton bean 'tomcatServletWebServerFactory'
2025-01-17T17:28:27.397-05:00 DEBUG 5509 --- [main] o.s.b.f.s.DefaultListableBeanFactory     : Creating shared instance of singleton bean 'org.springframework.boot.autoconfigure.web.servlet.ServletWebServerFactoryConfiguration$EmbeddedTomcat'
2025-01-17T17:28:27.485-05:00 DEBUG 5509 --- [main] o.s.b.f.s.DefaultListableBeanFactory     : Creating shared instance of singleton bean 'websocketServletWebServerCustomizer'
2025-01-17T17:28:27.486-05:00 DEBUG 5509 --- [main] o.s.b.f.s.DefaultListableBeanFactory     : Creating shared instance of singleton bean 'org.springframework.boot.autoconfigure.websocket.servlet.WebSocketServletAutoConfiguration$TomcatWebSocketConfiguration'
2025-01-17T17:28:27.498-05:00 DEBUG 5509 --- [main] o.s.b.f.s.DefaultListableBeanFactory     : Creating shared instance of singleton bean 'servletWebServerFactoryCustomizer'
2025-01-17T17:28:27.503-05:00 DEBUG 5509 --- [main] o.s.b.f.s.DefaultListableBeanFactory     : Creating shared instance of singleton bean 'org.springframework.boot.autoconfigure.web.servlet.ServletWebServerFactoryAutoConfiguration'
2025-01-17T17:28:27.516-05:00 DEBUG 5509 --- [main] o.s.b.f.s.DefaultListableBeanFactory     : Creating shared instance of singleton bean 'server-org.springframework.boot.autoconfigure.web.ServerProperties'
2025-01-17T17:28:27.559-05:00 DEBUG 5509 --- [main] o.s.b.f.s.DefaultListableBeanFactory     : Creating shared instance of singleton bean 'org.springframework.boot.context.properties.BoundConfigurationProperties'
2025-01-17T17:28:27.613-05:00 DEBUG 5509 --- [main] o.s.b.f.s.DefaultListableBeanFactory     : Autowiring by type from bean name 'servletWebServerFactoryCustomizer' via factory method to bean named 'server-org.springframework.boot.autoconfigure.web.ServerProperties'
2025-01-17T17:28:27.619-05:00 DEBUG 5509 --- [main] o.s.b.f.s.DefaultListableBeanFactory     : Creating shared instance of singleton bean 'sslBundleRegistry'
2025-01-17T17:28:27.620-05:00 DEBUG 5509 --- [main] o.s.b.f.s.DefaultListableBeanFactory     : Creating shared instance of singleton bean 'org.springframework.boot.autoconfigure.ssl.SslAutoConfiguration'
2025-01-17T17:28:27.624-05:00 DEBUG 5509 --- [main] o.s.b.f.s.DefaultListableBeanFactory     : Creating shared instance of singleton bean 'spring.ssl-org.springframework.boot.autoconfigure.ssl.SslProperties'
2025-01-17T17:28:27.630-05:00 DEBUG 5509 --- [main] o.s.b.f.s.DefaultListableBeanFactory     : Autowiring by type from bean name 'org.springframework.boot.autoconfigure.ssl.SslAutoConfiguration' via constructor to bean named 'org.springframework.boot.web.servlet.context.AnnotationConfigServletWebServerApplicationContext@7f6f61c8'
2025-01-17T17:28:27.631-05:00 DEBUG 5509 --- [main] o.s.b.f.s.DefaultListableBeanFactory     : Autowiring by type from bean name 'org.springframework.boot.autoconfigure.ssl.SslAutoConfiguration' via constructor to bean named 'spring.ssl-org.springframework.boot.autoconfigure.ssl.SslProperties'
2025-01-17T17:28:27.641-05:00 DEBUG 5509 --- [main] o.s.b.f.s.DefaultListableBeanFactory     : Creating shared instance of singleton bean 'sslPropertiesSslBundleRegistrar'
2025-01-17T17:28:27.642-05:00 DEBUG 5509 --- [main] o.s.b.f.s.DefaultListableBeanFactory     : Creating shared instance of singleton bean 'fileWatcher'
2025-01-17T17:28:27.683-05:00 DEBUG 5509 --- [main] o.s.b.f.s.DefaultListableBeanFactory     : Autowiring by type from bean name 'sslPropertiesSslBundleRegistrar' via factory method to bean named 'fileWatcher'
2025-01-17T17:28:27.706-05:00 DEBUG 5509 --- [main] o.s.b.f.s.DefaultListableBeanFactory     : Creating shared instance of singleton bean 'tomcatServletWebServerFactoryCustomizer'
2025-01-17T17:28:27.713-05:00 DEBUG 5509 --- [main] o.s.b.f.s.DefaultListableBeanFactory     : Autowiring by type from bean name 'tomcatServletWebServerFactoryCustomizer' via factory method to bean named 'server-org.springframework.boot.autoconfigure.web.ServerProperties'
2025-01-17T17:28:27.719-05:00 DEBUG 5509 --- [main] o.s.b.f.s.DefaultListableBeanFactory     : Creating shared instance of singleton bean 'tomcatWebServerFactoryCustomizer'
2025-01-17T17:28:27.719-05:00 DEBUG 5509 --- [main] o.s.b.f.s.DefaultListableBeanFactory     : Creating shared instance of singleton bean 'org.springframework.boot.autoconfigure.web.embedded.EmbeddedWebServerFactoryCustomizerAutoConfiguration$TomcatWebServerFactoryCustomizerConfiguration'
2025-01-17T17:28:27.725-05:00 DEBUG 5509 --- [main] o.s.b.f.s.DefaultListableBeanFactory     : Autowiring by type from bean name 'tomcatWebServerFactoryCustomizer' via factory method to bean named 'environment'
2025-01-17T17:28:27.728-05:00 DEBUG 5509 --- [main] o.s.b.f.s.DefaultListableBeanFactory     : Autowiring by type from bean name 'tomcatWebServerFactoryCustomizer' via factory method to bean named 'server-org.springframework.boot.autoconfigure.web.ServerProperties'
2025-01-17T17:28:27.739-05:00 DEBUG 5509 --- [main] o.s.b.f.s.DefaultListableBeanFactory     : Creating shared instance of singleton bean 'localeCharsetMappingsCustomizer'
2025-01-17T17:28:27.741-05:00 DEBUG 5509 --- [main] o.s.b.f.s.DefaultListableBeanFactory     : Creating shared instance of singleton bean 'org.springframework.boot.autoconfigure.web.servlet.HttpEncodingAutoConfiguration'
2025-01-17T17:28:27.746-05:00 DEBUG 5509 --- [main] o.s.b.f.s.DefaultListableBeanFactory     : Autowiring by type from bean name 'org.springframework.boot.autoconfigure.web.servlet.HttpEncodingAutoConfiguration' via constructor to bean named 'server-org.springframework.boot.autoconfigure.web.ServerProperties'
2025-01-17T17:28:27.843-05:00 DEBUG 5509 --- [main] o.s.b.f.s.DefaultListableBeanFactory     : Creating shared instance of singleton bean 'errorPageCustomizer'
2025-01-17T17:28:27.844-05:00 DEBUG 5509 --- [main] o.s.b.f.s.DefaultListableBeanFactory     : Creating shared instance of singleton bean 'org.springframework.boot.autoconfigure.web.servlet.error.ErrorMvcAutoConfiguration'
2025-01-17T17:28:27.847-05:00 DEBUG 5509 --- [main] o.s.b.f.s.DefaultListableBeanFactory     : Autowiring by type from bean name 'org.springframework.boot.autoconfigure.web.servlet.error.ErrorMvcAutoConfiguration' via constructor to bean named 'server-org.springframework.boot.autoconfigure.web.ServerProperties'
2025-01-17T17:28:27.852-05:00 DEBUG 5509 --- [main] o.s.b.f.s.DefaultListableBeanFactory     : Creating shared instance of singleton bean 'dispatcherServletRegistration'
2025-01-17T17:28:27.854-05:00 DEBUG 5509 --- [main] o.s.b.f.s.DefaultListableBeanFactory     : Creating shared instance of singleton bean 'org.springframework.boot.autoconfigure.web.servlet.DispatcherServletAutoConfiguration$DispatcherServletRegistrationConfiguration'
2025-01-17T17:28:27.858-05:00 DEBUG 5509 --- [main] o.s.b.f.s.DefaultListableBeanFactory     : Creating shared instance of singleton bean 'dispatcherServlet'
2025-01-17T17:28:27.862-05:00 DEBUG 5509 --- [main] o.s.b.f.s.DefaultListableBeanFactory     : Creating shared instance of singleton bean 'org.springframework.boot.autoconfigure.web.servlet.DispatcherServletAutoConfiguration$DispatcherServletConfiguration'
2025-01-17T17:28:27.865-05:00 DEBUG 5509 --- [main] o.s.b.f.s.DefaultListableBeanFactory     : Creating shared instance of singleton bean 'spring.mvc-org.springframework.boot.autoconfigure.web.servlet.WebMvcProperties'
2025-01-17T17:28:27.891-05:00 DEBUG 5509 --- [main] o.s.b.f.s.DefaultListableBeanFactory     : Autowiring by type from bean name 'dispatcherServlet' via factory method to bean named 'spring.mvc-org.springframework.boot.autoconfigure.web.servlet.WebMvcProperties'
2025-01-17T17:28:27.949-05:00 DEBUG 5509 --- [main] o.s.b.f.s.DefaultListableBeanFactory     : Autowiring by type from bean name 'dispatcherServletRegistration' via factory method to bean named 'dispatcherServlet'
2025-01-17T17:28:27.951-05:00 DEBUG 5509 --- [main] o.s.b.f.s.DefaultListableBeanFactory     : Autowiring by type from bean name 'dispatcherServletRegistration' via factory method to bean named 'spring.mvc-org.springframework.boot.autoconfigure.web.servlet.WebMvcProperties'
2025-01-17T17:28:27.963-05:00 DEBUG 5509 --- [main] o.s.b.f.s.DefaultListableBeanFactory     : Creating shared instance of singleton bean 'multipartConfigElement'
2025-01-17T17:28:27.968-05:00 DEBUG 5509 --- [main] o.s.b.f.s.DefaultListableBeanFactory     : Creating shared instance of singleton bean 'org.springframework.boot.autoconfigure.web.servlet.MultipartAutoConfiguration'
2025-01-17T17:28:27.972-05:00 DEBUG 5509 --- [main] o.s.b.f.s.DefaultListableBeanFactory     : Creating shared instance of singleton bean 'spring.servlet.multipart-org.springframework.boot.autoconfigure.web.servlet.MultipartProperties'
2025-01-17T17:28:27.983-05:00 DEBUG 5509 --- [main] o.s.b.f.s.DefaultListableBeanFactory     : Autowiring by type from bean name 'org.springframework.boot.autoconfigure.web.servlet.MultipartAutoConfiguration' via constructor to bean named 'spring.servlet.multipart-org.springframework.boot.autoconfigure.web.servlet.MultipartProperties'
2025-01-17T17:28:28.000-05:00 DEBUG 5509 --- [main] o.s.b.f.s.DefaultListableBeanFactory     : Autowiring by type from bean name 'errorPageCustomizer' via factory method to bean named 'dispatcherServletRegistration'
2025-01-17T17:28:28.286-05:00 DEBUG 5509 --- [main] .s.b.w.e.t.TomcatServletWebServerFactory : Code archive: /home/nar/.m2/repository/org/springframework/boot/spring-boot/3.4.1/spring-boot-3.4.1.jar
2025-01-17T17:28:28.290-05:00 DEBUG 5509 --- [main] .s.b.w.e.t.TomcatServletWebServerFactory : Code archive: /home/nar/.m2/repository/org/springframework/boot/spring-boot/3.4.1/spring-boot-3.4.1.jar
2025-01-17T17:28:28.294-05:00 DEBUG 5509 --- [main] .s.b.w.e.t.TomcatServletWebServerFactory : None of the document roots [src/main/webapp, public, static] point to a directory and will be ignored.
2025-01-17T17:28:28.339-05:00  INFO 5509 --- [main] o.s.b.w.embedded.tomcat.TomcatWebServer  : Tomcat initialized with port 8080 (http)
2025-01-17T17:28:28.377-05:00  INFO 5509 --- [main] o.apache.catalina.core.StandardService   : Starting service [Tomcat]
2025-01-17T17:28:28.379-05:00  INFO 5509 --- [main] o.apache.catalina.core.StandardEngine    : Starting Servlet engine: [Apache Tomcat/10.1.34]
2025-01-17T17:28:28.482-05:00  INFO 5509 --- [main] o.a.c.c.C.[Tomcat].[localhost].[/]       : Initializing Spring embedded WebApplicationContext
2025-01-17T17:28:28.483-05:00 DEBUG 5509 --- [main] w.s.c.ServletWebServerApplicationContext : Published root WebApplicationContext as ServletContext attribute with name [org.springframework.web.context.WebApplicationContext.ROOT]
2025-01-17T17:28:28.484-05:00  INFO 5509 --- [main] w.s.c.ServletWebServerApplicationContext : Root WebApplicationContext: initialization completed in 7186 ms
2025-01-17T17:28:28.491-05:00 DEBUG 5509 --- [main] o.s.b.f.s.DefaultListableBeanFactory     : Creating shared instance of singleton bean 'securityFilterChainRegistration'
2025-01-17T17:28:28.492-05:00 DEBUG 5509 --- [main] o.s.b.f.s.DefaultListableBeanFactory     : Creating shared instance of singleton bean 'org.springframework.boot.autoconfigure.security.servlet.SecurityFilterAutoConfiguration'
2025-01-17T17:28:28.497-05:00 DEBUG 5509 --- [main] o.s.b.f.s.DefaultListableBeanFactory     : Creating shared instance of singleton bean 'spring.security-org.springframework.boot.autoconfigure.security.SecurityProperties'
2025-01-17T17:28:28.505-05:00 DEBUG 5509 --- [main] o.s.b.f.s.DefaultListableBeanFactory     : Autowiring by type from bean name 'securityFilterChainRegistration' via factory method to bean named 'spring.security-org.springframework.boot.autoconfigure.security.SecurityProperties'
2025-01-17T17:28:28.517-05:00 DEBUG 5509 --- [main] o.s.b.f.s.DefaultListableBeanFactory     : Creating shared instance of singleton bean 'requestContextFilter'
2025-01-17T17:28:28.530-05:00 DEBUG 5509 --- [main] o.s.b.f.s.DefaultListableBeanFactory     : Creating shared instance of singleton bean 'formContentFilter'
2025-01-17T17:28:28.531-05:00 DEBUG 5509 --- [main] o.s.b.f.s.DefaultListableBeanFactory     : Creating shared instance of singleton bean 'org.springframework.boot.autoconfigure.web.servlet.WebMvcAutoConfiguration'
2025-01-17T17:28:28.541-05:00 DEBUG 5509 --- [main] o.s.b.f.s.DefaultListableBeanFactory     : Creating shared instance of singleton bean 'characterEncodingFilter'
2025-01-17T17:28:28.561-05:00 DEBUG 5509 --- [main] o.s.b.w.s.ServletContextInitializerBeans : Mapping filters: springSecurityFilterChain urls=[/*] order=-100, characterEncodingFilter urls=[/*] order=-2147483648, formContentFilter urls=[/*] order=-9900, requestContextFilter urls=[/*] order=-105
2025-01-17T17:28:28.563-05:00 DEBUG 5509 --- [main] o.s.b.w.s.ServletContextInitializerBeans : Mapping servlets: dispatcherServlet urls=[/]
2025-01-17T17:28:28.693-05:00 DEBUG 5509 --- [main] o.s.b.w.s.f.OrderedRequestContextFilter  : Filter 'requestContextFilter' configured for use
2025-01-17T17:28:28.704-05:00 DEBUG 5509 --- [main] s.b.w.s.f.OrderedCharacterEncodingFilter : Filter 'characterEncodingFilter' configured for use
2025-01-17T17:28:28.708-05:00 DEBUG 5509 --- [main] .DelegatingFilterProxyRegistrationBean$1 : Filter 'springSecurityFilterChain' configured for use
2025-01-17T17:28:28.709-05:00 DEBUG 5509 --- [main] o.s.b.w.s.f.OrderedFormContentFilter     : Filter 'formContentFilter' configured for use
2025-01-17T17:28:28.777-05:00 DEBUG 5509 --- [main] o.s.b.f.s.DefaultListableBeanFactory     : Creating shared instance of singleton bean 'dataSourceScriptDatabaseInitializer'
2025-01-17T17:28:28.780-05:00 DEBUG 5509 --- [main] o.s.b.f.s.DefaultListableBeanFactory     : Creating shared instance of singleton bean 'org.springframework.boot.autoconfigure.sql.init.DataSourceInitializationConfiguration'
2025-01-17T17:28:28.785-05:00 DEBUG 5509 --- [main] o.s.b.f.s.DefaultListableBeanFactory     : Creating shared instance of singleton bean 'dataSource'
2025-01-17T17:28:28.788-05:00 DEBUG 5509 --- [main] o.s.b.f.s.DefaultListableBeanFactory     : Creating shared instance of singleton bean 'org.springframework.boot.autoconfigure.jdbc.DataSourceConfiguration$Hikari'
2025-01-17T17:28:28.795-05:00 DEBUG 5509 --- [main] o.s.b.f.s.DefaultListableBeanFactory     : Creating shared instance of singleton bean 'spring.datasource-org.springframework.boot.autoconfigure.jdbc.DataSourceProperties'
2025-01-17T17:28:28.842-05:00 DEBUG 5509 --- [main] o.s.b.f.s.DefaultListableBeanFactory     : Creating shared instance of singleton bean 'jdbcConnectionDetails'
2025-01-17T17:28:28.846-05:00 DEBUG 5509 --- [main] o.s.b.f.s.DefaultListableBeanFactory     : Creating shared instance of singleton bean 'org.springframework.boot.autoconfigure.jdbc.DataSourceAutoConfiguration$PooledDataSourceConfiguration'
2025-01-17T17:28:28.852-05:00 DEBUG 5509 --- [main] o.s.b.f.s.DefaultListableBeanFactory     : Autowiring by type from bean name 'jdbcConnectionDetails' via factory method to bean named 'spring.datasource-org.springframework.boot.autoconfigure.jdbc.DataSourceProperties'
2025-01-17T17:28:28.854-05:00 DEBUG 5509 --- [main] o.s.b.f.s.DefaultListableBeanFactory     : Autowiring by type from bean name 'dataSource' via factory method to bean named 'spring.datasource-org.springframework.boot.autoconfigure.jdbc.DataSourceProperties'
2025-01-17T17:28:28.855-05:00 DEBUG 5509 --- [main] o.s.b.f.s.DefaultListableBeanFactory     : Autowiring by type from bean name 'dataSource' via factory method to bean named 'jdbcConnectionDetails'
2025-01-17T17:28:28.937-05:00 DEBUG 5509 --- [main] o.s.b.f.s.DefaultListableBeanFactory     : Creating shared instance of singleton bean 'spring.sql.init-org.springframework.boot.autoconfigure.sql.init.SqlInitializationProperties'
2025-01-17T17:28:28.953-05:00 DEBUG 5509 --- [main] o.s.b.f.s.DefaultListableBeanFactory     : Autowiring by type from bean name 'dataSourceScriptDatabaseInitializer' via factory method to bean named 'dataSource'
2025-01-17T17:28:28.953-05:00 DEBUG 5509 --- [main] o.s.b.f.s.DefaultListableBeanFactory     : Autowiring by type from bean name 'dataSourceScriptDatabaseInitializer' via factory method to bean named 'spring.sql.init-org.springframework.boot.autoconfigure.sql.init.SqlInitializationProperties'
2025-01-17T17:28:28.988-05:00 DEBUG 5509 --- [main] o.s.b.f.s.DefaultListableBeanFactory     : Creating shared instance of singleton bean 'entityManagerFactory'
2025-01-17T17:28:28.991-05:00 DEBUG 5509 --- [main] o.s.b.f.s.DefaultListableBeanFactory     : Creating shared instance of singleton bean 'org.springframework.boot.autoconfigure.orm.jpa.HibernateJpaConfiguration'
2025-01-17T17:28:29.006-05:00 DEBUG 5509 --- [main] o.s.b.f.s.DefaultListableBeanFactory     : Creating shared instance of singleton bean 'spring.jpa-org.springframework.boot.autoconfigure.orm.jpa.JpaProperties'
2025-01-17T17:28:29.059-05:00 DEBUG 5509 --- [main] o.s.b.f.s.DefaultListableBeanFactory     : Creating shared instance of singleton bean 'spring.jpa.hibernate-org.springframework.boot.autoconfigure.orm.jpa.HibernateProperties'
2025-01-17T17:28:29.064-05:00 DEBUG 5509 --- [main] o.s.b.f.s.DefaultListableBeanFactory     : Autowiring by type from bean name 'org.springframework.boot.autoconfigure.orm.jpa.HibernateJpaConfiguration' via constructor to bean named 'dataSource'
2025-01-17T17:28:29.072-05:00 DEBUG 5509 --- [main] o.s.b.f.s.DefaultListableBeanFactory     : Autowiring by type from bean name 'org.springframework.boot.autoconfigure.orm.jpa.HibernateJpaConfiguration' via constructor to bean named 'spring.jpa-org.springframework.boot.autoconfigure.orm.jpa.JpaProperties'
2025-01-17T17:28:29.072-05:00 DEBUG 5509 --- [main] o.s.b.f.s.DefaultListableBeanFactory     : Autowiring by type from bean name 'org.springframework.boot.autoconfigure.orm.jpa.HibernateJpaConfiguration' via constructor to bean named 'org.springframework.beans.factory.support.DefaultListableBeanFactory@63c5efee'
2025-01-17T17:28:29.073-05:00 DEBUG 5509 --- [main] o.s.b.f.s.DefaultListableBeanFactory     : Autowiring by type from bean name 'org.springframework.boot.autoconfigure.orm.jpa.HibernateJpaConfiguration' via constructor to bean named 'spring.jpa.hibernate-org.springframework.boot.autoconfigure.orm.jpa.HibernateProperties'
2025-01-17T17:28:29.080-05:00 DEBUG 5509 --- [main] o.s.b.f.s.DefaultListableBeanFactory     : Creating shared instance of singleton bean 'hikariPoolDataSourceMetadataProvider'
2025-01-17T17:28:29.081-05:00 DEBUG 5509 --- [main] o.s.b.f.s.DefaultListableBeanFactory     : Creating shared instance of singleton bean 'org.springframework.boot.autoconfigure.jdbc.metadata.DataSourcePoolMetadataProvidersConfiguration$HikariPoolDataSourceMetadataProviderConfiguration'
2025-01-17T17:28:29.101-05:00 DEBUG 5509 --- [main] o.s.b.f.s.DefaultListableBeanFactory     : Creating shared instance of singleton bean 'entityManagerFactoryBuilder'
2025-01-17T17:28:29.105-05:00 DEBUG 5509 --- [main] o.s.b.f.s.DefaultListableBeanFactory     : Creating shared instance of singleton bean 'jpaVendorAdapter'
2025-01-17T17:28:29.127-05:00 DEBUG 5509 --- [main] o.s.b.f.s.DefaultListableBeanFactory     : Autowiring by type from bean name 'entityManagerFactoryBuilder' via factory method to bean named 'jpaVendorAdapter'
2025-01-17T17:28:29.147-05:00 DEBUG 5509 --- [main] o.s.b.f.s.DefaultListableBeanFactory     : Creating shared instance of singleton bean 'persistenceManagedTypes'
2025-01-17T17:28:29.150-05:00 DEBUG 5509 --- [main] o.s.b.f.s.DefaultListableBeanFactory     : Autowiring by type from bean name 'persistenceManagedTypes' via factory method to bean named 'org.springframework.beans.factory.support.DefaultListableBeanFactory@63c5efee'
2025-01-17T17:28:29.151-05:00 DEBUG 5509 --- [main] o.s.b.f.s.DefaultListableBeanFactory     : Autowiring by type from bean name 'persistenceManagedTypes' via factory method to bean named 'org.springframework.boot.web.servlet.context.AnnotationConfigServletWebServerApplicationContext@7f6f61c8'
2025-01-17T17:28:29.173-05:00 DEBUG 5509 --- [main] o.s.b.f.s.DefaultListableBeanFactory     : Autowiring by type from bean name 'entityManagerFactory' via factory method to bean named 'entityManagerFactoryBuilder'
2025-01-17T17:28:29.174-05:00 DEBUG 5509 --- [main] o.s.b.f.s.DefaultListableBeanFactory     : Autowiring by type from bean name 'entityManagerFactory' via factory method to bean named 'persistenceManagedTypes'
2025-01-17T17:28:29.216-05:00 DEBUG 5509 --- [main] j.LocalContainerEntityManagerFactoryBean : Building JPA container EntityManagerFactory for persistence unit 'default'
2025-01-17T17:28:29.259-05:00  INFO 5509 --- [main] o.hibernate.jpa.internal.util.LogHelper  : HHH000204: Processing PersistenceUnitInfo [name: default]
2025-01-17T17:28:29.486-05:00  INFO 5509 --- [main] org.hibernate.Version                    : HHH000412: Hibernate ORM core version 6.6.4.Final
2025-01-17T17:28:29.623-05:00  INFO 5509 --- [main] o.h.c.internal.RegionFactoryInitiator    : HHH000026: Second-level cache disabled
2025-01-17T17:28:30.292-05:00  INFO 5509 --- [main] o.s.o.j.p.SpringPersistenceUnitInfo      : No LoadTimeWeaver setup: ignoring JPA class transformer
2025-01-17T17:28:30.348-05:00  INFO 5509 --- [main] com.zaxxer.hikari.HikariDataSource       : HikariPool-1 - Starting...
2025-01-17T17:28:34.675-05:00  INFO 5509 --- [main] com.zaxxer.hikari.pool.HikariPool        : HikariPool-1 - Added connection com.mysql.cj.jdbc.ConnectionImpl@6be8ce1b
2025-01-17T17:28:34.679-05:00  INFO 5509 --- [main] com.zaxxer.hikari.HikariDataSource       : HikariPool-1 - Start completed.
2025-01-17T17:28:35.334-05:00  WARN 5509 --- [main] org.hibernate.orm.deprecation            : HHH90000025: MySQLDialect does not need to be specified explicitly using 'hibernate.dialect' (remove the property setting and it will be selected by default)
2025-01-17T17:28:35.369-05:00  INFO 5509 --- [main] org.hibernate.orm.connections.pooling    : HHH10001005: Database info:
	Database JDBC URL [Connecting through datasource 'HikariDataSource (HikariPool-1)']
	Database driver: undefined/unknown
	Database version: 8.0.22
	Autocommit mode: undefined/unknown
	Isolation level: undefined/unknown
	Minimum pool size: undefined/unknown
	Maximum pool size: undefined/unknown
2025-01-17T17:28:37.037-05:00  INFO 5509 --- [main] o.h.e.t.j.p.i.JtaPlatformInitiator       : HHH000489: No JTA platform available (set 'hibernate.transaction.jta.platform' to enable JTA platform integration)
2025-01-17T17:28:41.437-05:00  INFO 5509 --- [main] j.LocalContainerEntityManagerFactoryBean : Initialized JPA EntityManagerFactory for persistence unit 'default'
2025-01-17T17:28:41.449-05:00 DEBUG 5509 --- [main] o.s.b.f.s.DefaultListableBeanFactory     : Creating shared instance of singleton bean 'clinicApplication'
2025-01-17T17:28:41.455-05:00 DEBUG 5509 --- [main] o.s.b.f.s.DefaultListableBeanFactory     : Creating shared instance of singleton bean 'securityConfig'
2025-01-17T17:28:41.456-05:00 DEBUG 5509 --- [main] o.s.b.f.s.DefaultListableBeanFactory     : Creating shared instance of singleton bean 'adminController'
2025-01-17T17:28:41.475-05:00 DEBUG 5509 --- [main] o.s.b.f.s.DefaultListableBeanFactory     : Creating shared instance of singleton bean 'scheduleServiceImpl'
2025-01-17T17:28:41.498-05:00 DEBUG 5509 --- [main] o.s.b.f.s.DefaultListableBeanFactory     : Creating shared instance of singleton bean 'IScheduleRepository'
2025-01-17T17:28:41.519-05:00 DEBUG 5509 --- [main] o.s.b.f.s.DefaultListableBeanFactory     : Creating shared instance of singleton bean 'jpa.named-queries#1'
2025-01-17T17:28:41.525-05:00 DEBUG 5509 --- [main] o.s.b.f.s.DefaultListableBeanFactory     : Creating shared instance of singleton bean 'jpa.IScheduleRepository.fragments#0'
2025-01-17T17:28:41.536-05:00 DEBUG 5509 --- [main] o.s.b.f.s.DefaultListableBeanFactory     : Creating shared instance of singleton bean 'jpaSharedEM_entityManagerFactory'
2025-01-17T17:28:41.587-05:00 DEBUG 5509 --- [main] o.s.b.f.s.DefaultListableBeanFactory     : Creating shared instance of singleton bean 'jpaMappingContext'
2025-01-17T17:28:41.589-05:00 DEBUG 5509 --- [main] .c.JpaMetamodelMappingContextFactoryBean : Initializing JpaMetamodelMappingContext…
2025-01-17T17:28:41.623-05:00 DEBUG 5509 --- [main] .c.JpaMetamodelMappingContextFactoryBean : Finished initializing JpaMetamodelMappingContext
2025-01-17T17:28:41.761-05:00 DEBUG 5509 --- [main] tor$SharedEntityManagerInvocationHandler : Creating new EntityManager for shared EntityManager invocation
2025-01-17T17:28:41.959-05:00 DEBUG 5509 --- [main] tor$SharedEntityManagerInvocationHandler : Creating new EntityManager for shared EntityManager invocation
2025-01-17T17:28:42.418-05:00 DEBUG 5509 --- [main] o.s.d.r.c.s.RepositoryFactorySupport     : Initializing repository instance for com.example.clinic.Repository.IScheduleRepository…
2025-01-17T17:28:42.545-05:00 DEBUG 5509 --- [main] tor$SharedEntityManagerInvocationHandler : Creating new EntityManager for shared EntityManager invocation
2025-01-17T17:28:42.765-05:00 DEBUG 5509 --- [main] o.s.d.r.c.s.RepositoryFactorySupport     : Finished creation of repository instance for com.example.clinic.Repository.IScheduleRepository.
2025-01-17T17:28:42.779-05:00 DEBUG 5509 --- [main] o.s.b.f.s.DefaultListableBeanFactory     : Creating shared instance of singleton bean 'IUserRepository'
2025-01-17T17:28:42.783-05:00 DEBUG 5509 --- [main] o.s.b.f.s.DefaultListableBeanFactory     : Creating shared instance of singleton bean 'jpa.named-queries#2'
2025-01-17T17:28:42.787-05:00 DEBUG 5509 --- [main] o.s.b.f.s.DefaultListableBeanFactory     : Creating shared instance of singleton bean 'jpa.IUserRepository.fragments#0'
2025-01-17T17:28:42.790-05:00 DEBUG 5509 --- [main] tor$SharedEntityManagerInvocationHandler : Creating new EntityManager for shared EntityManager invocation
2025-01-17T17:28:42.792-05:00 DEBUG 5509 --- [main] o.s.d.r.c.s.RepositoryFactorySupport     : Initializing repository instance for com.example.clinic.Repository.IUserRepository…
2025-01-17T17:28:42.793-05:00 DEBUG 5509 --- [main] tor$SharedEntityManagerInvocationHandler : Creating new EntityManager for shared EntityManager invocation
2025-01-17T17:28:43.124-05:00 DEBUG 5509 --- [main] o.s.d.jpa.repository.query.NamedQuery    : Looking up named query 'User.findByEmail'
2025-01-17T17:28:43.154-05:00 DEBUG 5509 --- [main] o.s.d.jpa.repository.query.NamedQuery    : Did not find named query User.findByEmail
2025-01-17T17:28:43.178-05:00 DEBUG 5509 --- [main] tor$SharedEntityManagerInvocationHandler : Creating new EntityManager for shared EntityManager invocation
2025-01-17T17:28:43.582-05:00 DEBUG 5509 --- [main] o.s.d.r.c.s.RepositoryFactorySupport     : Finished creation of repository instance for com.example.clinic.Repository.IUserRepository.
2025-01-17T17:28:43.589-05:00 DEBUG 5509 --- [main] o.s.b.f.s.DefaultListableBeanFactory     : Autowiring by type from bean name 'scheduleServiceImpl' via constructor to bean named 'IScheduleRepository'
2025-01-17T17:28:43.589-05:00 DEBUG 5509 --- [main] o.s.b.f.s.DefaultListableBeanFactory     : Autowiring by type from bean name 'scheduleServiceImpl' via constructor to bean named 'IUserRepository'
2025-01-17T17:28:43.591-05:00 DEBUG 5509 --- [main] o.s.b.f.s.DefaultListableBeanFactory     : Creating shared instance of singleton bean 'userSiviceImpl'
2025-01-17T17:28:43.601-05:00 DEBUG 5509 --- [main] o.s.b.f.s.DefaultListableBeanFactory     : Creating shared instance of singleton bean 'passwordEncoder'
2025-01-17T17:28:43.612-05:00 DEBUG 5509 --- [main] o.s.b.f.s.DefaultListableBeanFactory     : Autowiring by type from bean name 'userSiviceImpl' via constructor to bean named 'IUserRepository'
2025-01-17T17:28:43.613-05:00 DEBUG 5509 --- [main] o.s.b.f.s.DefaultListableBeanFactory     : Autowiring by type from bean name 'userSiviceImpl' via constructor to bean named 'passwordEncoder'
2025-01-17T17:28:43.761-05:00 DEBUG 5509 --- [main] o.s.b.f.s.DefaultListableBeanFactory     : Creating shared instance of singleton bean 'appointmentServiceImpl'
2025-01-17T17:28:43.782-05:00 DEBUG 5509 --- [main] o.s.b.f.s.DefaultListableBeanFactory     : Creating shared instance of singleton bean 'IAppointmentRepository'
2025-01-17T17:28:43.801-05:00 DEBUG 5509 --- [main] o.s.b.f.s.DefaultListableBeanFactory     : Creating shared instance of singleton bean 'jpa.named-queries#0'
2025-01-17T17:28:43.811-05:00 DEBUG 5509 --- [main] o.s.b.f.s.DefaultListableBeanFactory     : Creating shared instance of singleton bean 'jpa.IAppointmentRepository.fragments#0'
2025-01-17T17:28:43.814-05:00 DEBUG 5509 --- [main] tor$SharedEntityManagerInvocationHandler : Creating new EntityManager for shared EntityManager invocation
2025-01-17T17:28:43.816-05:00 DEBUG 5509 --- [main] o.s.d.r.c.s.RepositoryFactorySupport     : Initializing repository instance for com.example.clinic.Repository.IAppointmentRepository…
2025-01-17T17:28:43.819-05:00 DEBUG 5509 --- [main] tor$SharedEntityManagerInvocationHandler : Creating new EntityManager for shared EntityManager invocation
2025-01-17T17:28:43.931-05:00 DEBUG 5509 --- [main] o.s.d.jpa.repository.query.NamedQuery    : Looking up named query 'MedicalAppointment.findByDoctorAndDateTimeBetween'
2025-01-17T17:28:43.938-05:00 DEBUG 5509 --- [main] o.s.d.jpa.repository.query.NamedQuery    : Did not find named query MedicalAppointment.findByDoctorAndDateTimeBetween
2025-01-17T17:28:43.946-05:00 DEBUG 5509 --- [main] tor$SharedEntityManagerInvocationHandler : Creating new EntityManager for shared EntityManager invocation
2025-01-17T17:28:44.022-05:00 DEBUG 5509 --- [main] o.s.d.jpa.repository.query.NamedQuery    : Looking up named query 'MedicalAppointment.findByPatientId'
2025-01-17T17:28:44.031-05:00 DEBUG 5509 --- [main] o.s.d.jpa.repository.query.NamedQuery    : Did not find named query MedicalAppointment.findByPatientId
2025-01-17T17:28:44.047-05:00 DEBUG 5509 --- [main] tor$SharedEntityManagerInvocationHandler : Creating new EntityManager for shared EntityManager invocation
2025-01-17T17:28:44.138-05:00 DEBUG 5509 --- [main] o.s.d.jpa.repository.query.NamedQuery    : Looking up named query 'MedicalAppointment.findByDoctorId'
2025-01-17T17:28:44.140-05:00 DEBUG 5509 --- [main] o.s.d.jpa.repository.query.NamedQuery    : Did not find named query MedicalAppointment.findByDoctorId
2025-01-17T17:28:44.141-05:00 DEBUG 5509 --- [main] tor$SharedEntityManagerInvocationHandler : Creating new EntityManager for shared EntityManager invocation
2025-01-17T17:28:44.158-05:00 DEBUG 5509 --- [main] o.s.d.r.c.s.RepositoryFactorySupport     : Finished creation of repository instance for com.example.clinic.Repository.IAppointmentRepository.
2025-01-17T17:28:44.162-05:00 DEBUG 5509 --- [main] o.s.b.f.s.DefaultListableBeanFactory     : Autowiring by type from bean name 'appointmentServiceImpl' via constructor to bean named 'IUserRepository'
2025-01-17T17:28:44.162-05:00 DEBUG 5509 --- [main] o.s.b.f.s.DefaultListableBeanFactory     : Autowiring by type from bean name 'appointmentServiceImpl' via constructor to bean named 'IAppointmentRepository'
2025-01-17T17:28:44.163-05:00 DEBUG 5509 --- [main] o.s.b.f.s.DefaultListableBeanFactory     : Autowiring by type from bean name 'adminController' via constructor to bean named 'scheduleServiceImpl'
2025-01-17T17:28:44.164-05:00 DEBUG 5509 --- [main] o.s.b.f.s.DefaultListableBeanFactory     : Autowiring by type from bean name 'adminController' via constructor to bean named 'userSiviceImpl'
2025-01-17T17:28:44.164-05:00 DEBUG 5509 --- [main] o.s.b.f.s.DefaultListableBeanFactory     : Autowiring by type from bean name 'adminController' via constructor to bean named 'appointmentServiceImpl'
2025-01-17T17:28:44.166-05:00 DEBUG 5509 --- [main] o.s.b.f.s.DefaultListableBeanFactory     : Creating shared instance of singleton bean 'userController'
2025-01-17T17:28:44.172-05:00 DEBUG 5509 --- [main] o.s.b.f.s.DefaultListableBeanFactory     : Autowiring by type from bean name 'userController' via constructor to bean named 'appointmentServiceImpl'
2025-01-17T17:28:44.174-05:00 DEBUG 5509 --- [main] o.s.b.f.s.DefaultListableBeanFactory     : Creating shared instance of singleton bean 'globalHandlerExceptions'
2025-01-17T17:28:44.183-05:00 DEBUG 5509 --- [main] o.s.b.f.s.DefaultListableBeanFactory     : Creating shared instance of singleton bean 'org.springframework.security.config.annotation.configuration.ObjectPostProcessorConfiguration'
2025-01-17T17:28:44.185-05:00 DEBUG 5509 --- [main] o.s.b.f.s.DefaultListableBeanFactory     : Creating shared instance of singleton bean 'objectPostProcessor'
2025-01-17T17:28:44.190-05:00 DEBUG 5509 --- [main] o.s.b.f.s.DefaultListableBeanFactory     : Autowiring by type from bean name 'objectPostProcessor' via factory method to bean named 'org.springframework.beans.factory.support.DefaultListableBeanFactory@63c5efee'
2025-01-17T17:28:44.200-05:00 DEBUG 5509 --- [main] o.s.b.f.s.DefaultListableBeanFactory     : Creating shared instance of singleton bean 'org.springframework.security.config.annotation.authentication.configuration.AuthenticationConfiguration'
2025-01-17T17:28:44.219-05:00 DEBUG 5509 --- [main] o.s.b.f.s.DefaultListableBeanFactory     : Creating shared instance of singleton bean 'enableGlobalAuthenticationAutowiredConfigurer'
2025-01-17T17:28:44.228-05:00 DEBUG 5509 --- [main] o.s.b.f.s.DefaultListableBeanFactory     : Autowiring by type from bean name 'enableGlobalAuthenticationAutowiredConfigurer' via factory method to bean named 'org.springframework.boot.web.servlet.context.AnnotationConfigServletWebServerApplicationContext@7f6f61c8'
2025-01-17T17:28:44.242-05:00 DEBUG 5509 --- [main] o.s.b.f.s.DefaultListableBeanFactory     : Creating shared instance of singleton bean 'initializeUserDetailsBeanManagerConfigurer'
2025-01-17T17:28:44.243-05:00 DEBUG 5509 --- [main] o.s.b.f.s.DefaultListableBeanFactory     : Autowiring by type from bean name 'initializeUserDetailsBeanManagerConfigurer' via factory method to bean named 'org.springframework.boot.web.servlet.context.AnnotationConfigServletWebServerApplicationContext@7f6f61c8'
2025-01-17T17:28:44.251-05:00 DEBUG 5509 --- [main] o.s.b.f.s.DefaultListableBeanFactory     : Creating shared instance of singleton bean 'initializeAuthenticationProviderBeanManagerConfigurer'
2025-01-17T17:28:44.252-05:00 DEBUG 5509 --- [main] o.s.b.f.s.DefaultListableBeanFactory     : Autowiring by type from bean name 'initializeAuthenticationProviderBeanManagerConfigurer' via factory method to bean named 'org.springframework.boot.web.servlet.context.AnnotationConfigServletWebServerApplicationContext@7f6f61c8'
2025-01-17T17:28:44.293-05:00 DEBUG 5509 --- [main] o.s.b.f.s.DefaultListableBeanFactory     : Creating shared instance of singleton bean 'authenticationManagerBuilder'
2025-01-17T17:28:44.297-05:00 DEBUG 5509 --- [main] o.s.b.f.s.DefaultListableBeanFactory     : Autowiring by type from bean name 'authenticationManagerBuilder' via factory method to bean named 'objectPostProcessor'
2025-01-17T17:28:44.300-05:00 DEBUG 5509 --- [main] o.s.b.f.s.DefaultListableBeanFactory     : Autowiring by type from bean name 'authenticationManagerBuilder' via factory method to bean named 'org.springframework.boot.web.servlet.context.AnnotationConfigServletWebServerApplicationContext@7f6f61c8'
2025-01-17T17:28:44.311-05:00 DEBUG 5509 --- [main] o.s.b.f.s.DefaultListableBeanFactory     : Creating shared instance of singleton bean 'authenticationEventPublisher'
2025-01-17T17:28:44.312-05:00 DEBUG 5509 --- [main] o.s.b.f.s.DefaultListableBeanFactory     : Creating shared instance of singleton bean 'org.springframework.boot.autoconfigure.security.servlet.SecurityAutoConfiguration'
2025-01-17T17:28:44.320-05:00 DEBUG 5509 --- [main] o.s.b.f.s.DefaultListableBeanFactory     : Autowiring by type from bean name 'authenticationEventPublisher' via factory method to bean named 'org.springframework.boot.web.servlet.context.AnnotationConfigServletWebServerApplicationContext@7f6f61c8'
2025-01-17T17:28:44.457-05:00 DEBUG 5509 --- [main] o.s.b.f.s.DefaultListableBeanFactory     : Creating shared instance of singleton bean 'org.springframework.security.config.annotation.web.configuration.WebSecurityConfiguration'
2025-01-17T17:28:44.498-05:00 DEBUG 5509 --- [main] o.s.b.f.s.DefaultListableBeanFactory     : Creating shared instance of singleton bean 'org.springframework.security.config.annotation.web.configuration.HttpSecurityConfiguration'
2025-01-17T17:28:44.544-05:00 DEBUG 5509 --- [main] o.s.b.f.s.DefaultListableBeanFactory     : Creating shared instance of singleton bean 'mvcContentNegotiationManager'
2025-01-17T17:28:44.544-05:00 DEBUG 5509 --- [main] o.s.b.f.s.DefaultListableBeanFactory     : Creating shared instance of singleton bean 'org.springframework.boot.autoconfigure.web.servlet.WebMvcAutoConfiguration$EnableWebMvcConfiguration'
2025-01-17T17:28:44.556-05:00 DEBUG 5509 --- [main] o.s.b.f.s.DefaultListableBeanFactory     : Creating shared instance of singleton bean 'spring.web-org.springframework.boot.autoconfigure.web.WebProperties'
2025-01-17T17:28:44.594-05:00 DEBUG 5509 --- [main] o.s.b.f.s.DefaultListableBeanFactory     : Autowiring by type from bean name 'org.springframework.boot.autoconfigure.web.servlet.WebMvcAutoConfiguration$EnableWebMvcConfiguration' via constructor to bean named 'spring.mvc-org.springframework.boot.autoconfigure.web.servlet.WebMvcProperties'
2025-01-17T17:28:44.594-05:00 DEBUG 5509 --- [main] o.s.b.f.s.DefaultListableBeanFactory     : Autowiring by type from bean name 'org.springframework.boot.autoconfigure.web.servlet.WebMvcAutoConfiguration$EnableWebMvcConfiguration' via constructor to bean named 'spring.web-org.springframework.boot.autoconfigure.web.WebProperties'
2025-01-17T17:28:44.594-05:00 DEBUG 5509 --- [main] o.s.b.f.s.DefaultListableBeanFactory     : Autowiring by type from bean name 'org.springframework.boot.autoconfigure.web.servlet.WebMvcAutoConfiguration$EnableWebMvcConfiguration' via constructor to bean named 'org.springframework.beans.factory.support.DefaultListableBeanFactory@63c5efee'
2025-01-17T17:28:44.637-05:00 DEBUG 5509 --- [main] o.s.b.f.s.DefaultListableBeanFactory     : Creating shared instance of singleton bean 'org.springframework.security.config.annotation.web.configuration.WebMvcSecurityConfiguration'
2025-01-17T17:28:44.656-05:00 DEBUG 5509 --- [main] o.s.b.f.s.DefaultListableBeanFactory     : Creating shared instance of singleton bean 'org.springframework.boot.autoconfigure.web.servlet.WebMvcAutoConfiguration$WebMvcAutoConfigurationAdapter'
2025-01-17T17:28:44.669-05:00 DEBUG 5509 --- [main] o.s.b.f.s.DefaultListableBeanFactory     : Autowiring by type from bean name 'org.springframework.boot.autoconfigure.web.servlet.WebMvcAutoConfiguration$WebMvcAutoConfigurationAdapter' via constructor to bean named 'spring.web-org.springframework.boot.autoconfigure.web.WebProperties'
2025-01-17T17:28:44.669-05:00 DEBUG 5509 --- [main] o.s.b.f.s.DefaultListableBeanFactory     : Autowiring by type from bean name 'org.springframework.boot.autoconfigure.web.servlet.WebMvcAutoConfiguration$WebMvcAutoConfigurationAdapter' via constructor to bean named 'spring.mvc-org.springframework.boot.autoconfigure.web.servlet.WebMvcProperties'
2025-01-17T17:28:44.669-05:00 DEBUG 5509 --- [main] o.s.b.f.s.DefaultListableBeanFactory     : Autowiring by type from bean name 'org.springframework.boot.autoconfigure.web.servlet.WebMvcAutoConfiguration$WebMvcAutoConfigurationAdapter' via constructor to bean named 'org.springframework.beans.factory.support.DefaultListableBeanFactory@63c5efee'
2025-01-17T17:28:44.682-05:00 DEBUG 5509 --- [main] o.s.b.f.s.DefaultListableBeanFactory     : Creating shared instance of singleton bean 'resourceHandlerRegistrationCustomizer'
2025-01-17T17:28:44.683-05:00 DEBUG 5509 --- [main] o.s.b.f.s.DefaultListableBeanFactory     : Creating shared instance of singleton bean 'org.springframework.boot.autoconfigure.web.servlet.WebMvcAutoConfiguration$ResourceChainCustomizerConfiguration'
2025-01-17T17:28:44.691-05:00 DEBUG 5509 --- [main] o.s.b.f.s.DefaultListableBeanFactory     : Autowiring by type from bean name 'resourceHandlerRegistrationCustomizer' via factory method to bean named 'spring.web-org.springframework.boot.autoconfigure.web.WebProperties'
2025-01-17T17:28:44.719-05:00 DEBUG 5509 --- [main] o.s.b.f.s.DefaultListableBeanFactory     : Creating shared instance of singleton bean 'swaggerWebMvcConfigurer'
2025-01-17T17:28:44.719-05:00 DEBUG 5509 --- [main] o.s.b.f.s.DefaultListableBeanFactory     : Creating shared instance of singleton bean 'org.springdoc.webmvc.ui.SwaggerConfig'
2025-01-17T17:28:44.740-05:00 DEBUG 5509 --- [main] o.s.b.f.s.DefaultListableBeanFactory     : Creating shared instance of singleton bean 'org.springdoc.core.properties.SwaggerUiConfigProperties'
2025-01-17T17:28:44.783-05:00 DEBUG 5509 --- [main] o.s.b.f.s.DefaultListableBeanFactory     : Creating shared instance of singleton bean 'indexPageTransformer'
2025-01-17T17:28:44.792-05:00 DEBUG 5509 --- [main] o.s.b.f.s.DefaultListableBeanFactory     : Creating shared instance of singleton bean 'org.springdoc.core.properties.SwaggerUiOAuthProperties'
2025-01-17T17:28:44.824-05:00 DEBUG 5509 --- [main] o.s.b.f.s.DefaultListableBeanFactory     : Creating shared instance of singleton bean 'swaggerWelcome'
2025-01-17T17:28:44.832-05:00 DEBUG 5509 --- [main] o.s.b.f.s.DefaultListableBeanFactory     : Creating shared instance of singleton bean 'org.springdoc.core.properties.SpringDocConfigProperties'
2025-01-17T17:28:44.885-05:00 DEBUG 5509 --- [main] o.s.b.f.s.DefaultListableBeanFactory     : Creating shared instance of singleton bean 'springWebProvider'
2025-01-17T17:28:44.887-05:00 DEBUG 5509 --- [main] o.s.b.f.s.DefaultListableBeanFactory     : Creating shared instance of singleton bean 'org.springdoc.webmvc.core.configuration.SpringDocWebMvcConfiguration'
2025-01-17T17:28:44.972-05:00 DEBUG 5509 --- [main] o.s.b.f.s.DefaultListableBeanFactory     : Autowiring by type from bean name 'swaggerWelcome' via factory method to bean named 'org.springdoc.core.properties.SwaggerUiConfigProperties'
2025-01-17T17:28:44.979-05:00 DEBUG 5509 --- [main] o.s.b.f.s.DefaultListableBeanFactory     : Autowiring by type from bean name 'swaggerWelcome' via factory method to bean named 'org.springdoc.core.properties.SpringDocConfigProperties'
2025-01-17T17:28:44.979-05:00 DEBUG 5509 --- [main] o.s.b.f.s.DefaultListableBeanFactory     : Autowiring by type from bean name 'swaggerWelcome' via factory method to bean named 'springWebProvider'
2025-01-17T17:28:45.032-05:00 DEBUG 5509 --- [main] o.s.b.f.s.DefaultListableBeanFactory     : Creating shared instance of singleton bean 'springdocObjectMapperProvider'
2025-01-17T17:28:45.037-05:00 DEBUG 5509 --- [main] o.s.b.f.s.DefaultListableBeanFactory     : Creating shared instance of singleton bean 'org.springdoc.core.configuration.SpringDocConfiguration'
2025-01-17T17:28:45.072-05:00 DEBUG 5509 --- [main] o.s.b.f.s.DefaultListableBeanFactory     : Autowiring by type from bean name 'springdocObjectMapperProvider' via factory method to bean named 'org.springdoc.core.properties.SpringDocConfigProperties'
2025-01-17T17:28:45.282-05:00 DEBUG 5509 --- [main] o.s.b.f.s.DefaultListableBeanFactory     : Autowiring by type from bean name 'indexPageTransformer' via factory method to bean named 'org.springdoc.core.properties.SwaggerUiConfigProperties'
2025-01-17T17:28:45.285-05:00 DEBUG 5509 --- [main] o.s.b.f.s.DefaultListableBeanFactory     : Autowiring by type from bean name 'indexPageTransformer' via factory method to bean named 'org.springdoc.core.properties.SwaggerUiOAuthProperties'
2025-01-17T17:28:45.286-05:00 DEBUG 5509 --- [main] o.s.b.f.s.DefaultListableBeanFactory     : Autowiring by type from bean name 'indexPageTransformer' via factory method to bean named 'swaggerWelcome'
2025-01-17T17:28:45.286-05:00 DEBUG 5509 --- [main] o.s.b.f.s.DefaultListableBeanFactory     : Autowiring by type from bean name 'indexPageTransformer' via factory method to bean named 'springdocObjectMapperProvider'
2025-01-17T17:28:45.297-05:00 DEBUG 5509 --- [main] o.s.b.f.s.DefaultListableBeanFactory     : Creating shared instance of singleton bean 'swaggerResourceResolver'
2025-01-17T17:28:45.298-05:00 DEBUG 5509 --- [main] o.s.b.f.s.DefaultListableBeanFactory     : Autowiring by type from bean name 'swaggerResourceResolver' via factory method to bean named 'org.springdoc.core.properties.SwaggerUiConfigProperties'
2025-01-17T17:28:45.320-05:00 DEBUG 5509 --- [main] o.s.b.f.s.DefaultListableBeanFactory     : Autowiring by type from bean name 'swaggerWebMvcConfigurer' via factory method to bean named 'org.springdoc.core.properties.SwaggerUiConfigProperties'
2025-01-17T17:28:45.321-05:00 DEBUG 5509 --- [main] o.s.b.f.s.DefaultListableBeanFactory     : Autowiring by type from bean name 'swaggerWebMvcConfigurer' via factory method to bean named 'indexPageTransformer'
2025-01-17T17:28:45.321-05:00 DEBUG 5509 --- [main] o.s.b.f.s.DefaultListableBeanFactory     : Autowiring by type from bean name 'swaggerWebMvcConfigurer' via factory method to bean named 'swaggerResourceResolver'
2025-01-17T17:28:45.330-05:00 DEBUG 5509 --- [main] o.s.b.f.s.DefaultListableBeanFactory     : Creating shared instance of singleton bean 'openEntityManagerInViewInterceptorConfigurer'
2025-01-17T17:28:45.330-05:00 DEBUG 5509 --- [main] o.s.b.f.s.DefaultListableBeanFactory     : Creating shared instance of singleton bean 'org.springframework.boot.autoconfigure.orm.jpa.JpaBaseConfiguration$JpaWebConfiguration'
2025-01-17T17:28:45.339-05:00 DEBUG 5509 --- [main] o.s.b.f.s.DefaultListableBeanFactory     : Autowiring by type from bean name 'org.springframework.boot.autoconfigure.orm.jpa.JpaBaseConfiguration$JpaWebConfiguration' via constructor to bean named 'spring.jpa-org.springframework.boot.autoconfigure.orm.jpa.JpaProperties'
2025-01-17T17:28:45.346-05:00 DEBUG 5509 --- [main] o.s.b.f.s.DefaultListableBeanFactory     : Creating shared instance of singleton bean 'openEntityManagerInViewInterceptor'
2025-01-17T17:28:45.351-05:00  WARN 5509 --- [main] JpaBaseConfiguration$JpaWebConfiguration : spring.jpa.open-in-view is enabled by default. Therefore, database queries may be performed during view rendering. Explicitly configure spring.jpa.open-in-view to disable this warning
2025-01-17T17:28:45.364-05:00 DEBUG 5509 --- [main] o.s.b.f.s.DefaultListableBeanFactory     : Autowiring by type from bean name 'openEntityManagerInViewInterceptorConfigurer' via factory method to bean named 'openEntityManagerInViewInterceptor'
2025-01-17T17:28:45.388-05:00 DEBUG 5509 --- [main] o.s.b.f.s.DefaultListableBeanFactory     : Creating shared instance of singleton bean 'org.springframework.data.web.config.SpringDataWebConfiguration'
2025-01-17T17:28:45.394-05:00 DEBUG 5509 --- [main] o.s.b.f.s.DefaultListableBeanFactory     : Autowiring by type from bean name 'org.springframework.data.web.config.SpringDataWebConfiguration' via constructor to bean named 'org.springframework.boot.web.servlet.context.AnnotationConfigServletWebServerApplicationContext@7f6f61c8'
2025-01-17T17:28:45.574-05:00 DEBUG 5509 --- [main] o.s.b.f.s.DefaultListableBeanFactory     : Creating shared instance of singleton bean 'inMemoryUserDetailsManager'
2025-01-17T17:28:45.574-05:00 DEBUG 5509 --- [main] o.s.b.f.s.DefaultListableBeanFactory     : Creating shared instance of singleton bean 'org.springframework.boot.autoconfigure.security.servlet.UserDetailsServiceAutoConfiguration'
2025-01-17T17:28:45.592-05:00 DEBUG 5509 --- [main] o.s.b.f.s.DefaultListableBeanFactory     : Autowiring by type from bean name 'inMemoryUserDetailsManager' via factory method to bean named 'spring.security-org.springframework.boot.autoconfigure.security.SecurityProperties'
2025-01-17T17:28:45.629-05:00  WARN 5509 --- [main] .s.s.UserDetailsServiceAutoConfiguration : 

Using generated security password: 24f3383e-ce8e-4071-8e84-0fed99df4bf1

This generated password is for development use only. Your security configuration must be updated before running your application in production.

2025-01-17T17:28:45.747-05:00  INFO 5509 --- [main] r$InitializeUserDetailsManagerConfigurer : Global AuthenticationManager configured with UserDetailsService bean with name inMemoryUserDetailsManager
2025-01-17T17:28:46.325-05:00 DEBUG 5509 --- [main] o.s.b.f.s.DefaultListableBeanFactory     : Creating shared instance of singleton bean 'filterChainDecoratorPostProcessor'
2025-01-17T17:28:46.336-05:00 DEBUG 5509 --- [main] o.s.b.f.s.DefaultListableBeanFactory     : Creating shared instance of singleton bean 'mvcHandlerMappingIntrospectorRequestTransformer'
2025-01-17T17:28:46.337-05:00 DEBUG 5509 --- [main] o.s.b.f.s.DefaultListableBeanFactory     : Creating shared instance of singleton bean 'mvcHandlerMappingIntrospector'
2025-01-17T17:28:46.348-05:00 DEBUG 5509 --- [main] o.s.b.f.s.DefaultListableBeanFactory     : Creating shared instance of singleton bean 'welcomePageHandlerMapping'
2025-01-17T17:28:46.350-05:00 DEBUG 5509 --- [main] o.s.b.f.s.DefaultListableBeanFactory     : Creating shared instance of singleton bean 'mvcConversionService'
2025-01-17T17:28:46.392-05:00 DEBUG 5509 --- [main] o.s.b.f.s.DefaultListableBeanFactory     : Creating shared instance of singleton bean 'mvcResourceUrlProvider'
2025-01-17T17:28:46.401-05:00 DEBUG 5509 --- [main] o.s.b.f.s.DefaultListableBeanFactory     : Autowiring by type from bean name 'welcomePageHandlerMapping' via factory method to bean named 'org.springframework.boot.web.servlet.context.AnnotationConfigServletWebServerApplicationContext@7f6f61c8'
2025-01-17T17:28:46.401-05:00 DEBUG 5509 --- [main] o.s.b.f.s.DefaultListableBeanFactory     : Autowiring by type from bean name 'welcomePageHandlerMapping' via factory method to bean named 'mvcConversionService'
2025-01-17T17:28:46.401-05:00 DEBUG 5509 --- [main] o.s.b.f.s.DefaultListableBeanFactory     : Autowiring by type from bean name 'welcomePageHandlerMapping' via factory method to bean named 'mvcResourceUrlProvider'
2025-01-17T17:28:46.465-05:00 DEBUG 5509 --- [main] o.s.b.f.s.DefaultListableBeanFactory     : Creating shared instance of singleton bean 'welcomePageNotAcceptableHandlerMapping'
2025-01-17T17:28:46.467-05:00 DEBUG 5509 --- [main] o.s.b.f.s.DefaultListableBeanFactory     : Autowiring by type from bean name 'welcomePageNotAcceptableHandlerMapping' via factory method to bean named 'org.springframework.boot.web.servlet.context.AnnotationConfigServletWebServerApplicationContext@7f6f61c8'
2025-01-17T17:28:46.471-05:00 DEBUG 5509 --- [main] o.s.b.f.s.DefaultListableBeanFactory     : Autowiring by type from bean name 'welcomePageNotAcceptableHandlerMapping' via factory method to bean named 'mvcConversionService'
2025-01-17T17:28:46.472-05:00 DEBUG 5509 --- [main] o.s.b.f.s.DefaultListableBeanFactory     : Autowiring by type from bean name 'welcomePageNotAcceptableHandlerMapping' via factory method to bean named 'mvcResourceUrlProvider'
2025-01-17T17:28:46.485-05:00 DEBUG 5509 --- [main] o.s.b.f.s.DefaultListableBeanFactory     : Creating shared instance of singleton bean 'requestMappingHandlerMapping'
2025-01-17T17:28:46.489-05:00 DEBUG 5509 --- [main] o.s.b.f.s.DefaultListableBeanFactory     : Autowiring by type from bean name 'requestMappingHandlerMapping' via factory method to bean named 'mvcContentNegotiationManager'
2025-01-17T17:28:46.490-05:00 DEBUG 5509 --- [main] o.s.b.f.s.DefaultListableBeanFactory     : Autowiring by type from bean name 'requestMappingHandlerMapping' via factory method to bean named 'mvcConversionService'
2025-01-17T17:28:46.490-05:00 DEBUG 5509 --- [main] o.s.b.f.s.DefaultListableBeanFactory     : Autowiring by type from bean name 'requestMappingHandlerMapping' via factory method to bean named 'mvcResourceUrlProvider'
2025-01-17T17:28:46.917-05:00 DEBUG 5509 --- [main] o.s.c.e.PropertySourcesPropertyResolver  : Found key 'springdoc.swagger-ui.path' in PropertySource 'environmentProperties' with value of type String
2025-01-17T17:28:46.922-05:00 DEBUG 5509 --- [main] o.s.c.e.PropertySourcesPropertyResolver  : Found key 'springdoc.swagger-ui.path' in PropertySource 'environmentProperties' with value of type String
2025-01-17T17:28:46.937-05:00 DEBUG 5509 --- [main] s.w.s.m.m.a.RequestMappingHandlerMapping : 14 mappings in 'requestMappingHandlerMapping'
2025-01-17T17:28:46.946-05:00 DEBUG 5509 --- [main] o.s.b.f.s.DefaultListableBeanFactory     : Creating shared instance of singleton bean 'viewControllerHandlerMapping'
2025-01-17T17:28:46.949-05:00 DEBUG 5509 --- [main] o.s.b.f.s.DefaultListableBeanFactory     : Autowiring by type from bean name 'viewControllerHandlerMapping' via factory method to bean named 'mvcConversionService'
2025-01-17T17:28:46.949-05:00 DEBUG 5509 --- [main] o.s.b.f.s.DefaultListableBeanFactory     : Autowiring by type from bean name 'viewControllerHandlerMapping' via factory method to bean named 'mvcResourceUrlProvider'
2025-01-17T17:28:46.950-05:00 DEBUG 5509 --- [main] o.s.b.f.s.DefaultListableBeanFactory     : Creating shared instance of singleton bean 'beanNameHandlerMapping'
2025-01-17T17:28:46.953-05:00 DEBUG 5509 --- [main] o.s.b.f.s.DefaultListableBeanFactory     : Autowiring by type from bean name 'beanNameHandlerMapping' via factory method to bean named 'mvcConversionService'
2025-01-17T17:28:46.955-05:00 DEBUG 5509 --- [main] o.s.b.f.s.DefaultListableBeanFactory     : Autowiring by type from bean name 'beanNameHandlerMapping' via factory method to bean named 'mvcResourceUrlProvider'
2025-01-17T17:28:46.980-05:00 DEBUG 5509 --- [main] o.s.b.f.s.DefaultListableBeanFactory     : Creating shared instance of singleton bean 'routerFunctionMapping'
2025-01-17T17:28:46.991-05:00 DEBUG 5509 --- [main] o.s.b.f.s.DefaultListableBeanFactory     : Autowiring by type from bean name 'routerFunctionMapping' via factory method to bean named 'mvcConversionService'
2025-01-17T17:28:46.994-05:00 DEBUG 5509 --- [main] o.s.b.f.s.DefaultListableBeanFactory     : Autowiring by type from bean name 'routerFunctionMapping' via factory method to bean named 'mvcResourceUrlProvider'
2025-01-17T17:28:46.999-05:00 DEBUG 5509 --- [main] o.s.b.f.s.DefaultListableBeanFactory     : Creating shared instance of singleton bean 'messageConverters'
2025-01-17T17:28:47.000-05:00 DEBUG 5509 --- [main] o.s.b.f.s.DefaultListableBeanFactory     : Creating shared instance of singleton bean 'org.springframework.boot.autoconfigure.http.HttpMessageConvertersAutoConfiguration'
2025-01-17T17:28:47.014-05:00 DEBUG 5509 --- [main] o.s.b.f.s.DefaultListableBeanFactory     : Creating shared instance of singleton bean 'stringHttpMessageConverter'
2025-01-17T17:28:47.015-05:00 DEBUG 5509 --- [main] o.s.b.f.s.DefaultListableBeanFactory     : Creating shared instance of singleton bean 'org.springframework.boot.autoconfigure.http.HttpMessageConvertersAutoConfiguration$StringHttpMessageConverterConfiguration'
2025-01-17T17:28:47.017-05:00 DEBUG 5509 --- [main] o.s.b.f.s.DefaultListableBeanFactory     : Autowiring by type from bean name 'stringHttpMessageConverter' via factory method to bean named 'environment'
2025-01-17T17:28:47.031-05:00 DEBUG 5509 --- [main] o.s.b.f.s.DefaultListableBeanFactory     : Creating shared instance of singleton bean 'mappingJackson2HttpMessageConverter'
2025-01-17T17:28:47.034-05:00 DEBUG 5509 --- [main] o.s.b.f.s.DefaultListableBeanFactory     : Creating shared instance of singleton bean 'org.springframework.boot.autoconfigure.http.JacksonHttpMessageConvertersConfiguration$MappingJackson2HttpMessageConverterConfiguration'
2025-01-17T17:28:47.037-05:00 DEBUG 5509 --- [main] o.s.b.f.s.DefaultListableBeanFactory     : Creating shared instance of singleton bean 'jacksonObjectMapper'
2025-01-17T17:28:47.038-05:00 DEBUG 5509 --- [main] o.s.b.f.s.DefaultListableBeanFactory     : Creating shared instance of singleton bean 'org.springframework.boot.autoconfigure.jackson.JacksonAutoConfiguration$JacksonObjectMapperConfiguration'
2025-01-17T17:28:47.044-05:00 DEBUG 5509 --- [main] o.s.b.f.s.DefaultListableBeanFactory     : Creating shared instance of singleton bean 'org.springframework.boot.autoconfigure.jackson.JacksonAutoConfiguration$JacksonObjectMapperBuilderConfiguration'
2025-01-17T17:28:47.048-05:00 DEBUG 5509 --- [main] o.s.b.f.s.DefaultListableBeanFactory     : Creating shared instance of singleton bean 'standardJacksonObjectMapperBuilderCustomizer'
2025-01-17T17:28:47.049-05:00 DEBUG 5509 --- [main] o.s.b.f.s.DefaultListableBeanFactory     : Creating shared instance of singleton bean 'org.springframework.boot.autoconfigure.jackson.JacksonAutoConfiguration$Jackson2ObjectMapperBuilderCustomizerConfiguration'
2025-01-17T17:28:47.053-05:00 DEBUG 5509 --- [main] o.s.b.f.s.DefaultListableBeanFactory     : Creating shared instance of singleton bean 'spring.jackson-org.springframework.boot.autoconfigure.jackson.JacksonProperties'
2025-01-17T17:28:47.060-05:00 DEBUG 5509 --- [main] o.s.b.f.s.DefaultListableBeanFactory     : Autowiring by type from bean name 'standardJacksonObjectMapperBuilderCustomizer' via factory method to bean named 'spring.jackson-org.springframework.boot.autoconfigure.jackson.JacksonProperties'
2025-01-17T17:28:47.063-05:00 DEBUG 5509 --- [main] o.s.b.f.s.DefaultListableBeanFactory     : Creating shared instance of singleton bean 'parameterNamesModule'
2025-01-17T17:28:47.064-05:00 DEBUG 5509 --- [main] o.s.b.f.s.DefaultListableBeanFactory     : Creating shared instance of singleton bean 'org.springframework.boot.autoconfigure.jackson.JacksonAutoConfiguration$ParameterNamesModuleConfiguration'
2025-01-17T17:28:47.072-05:00 DEBUG 5509 --- [main] o.s.b.f.s.DefaultListableBeanFactory     : Creating shared instance of singleton bean 'jsonMixinModule'
2025-01-17T17:28:47.073-05:00 DEBUG 5509 --- [main] o.s.b.f.s.DefaultListableBeanFactory     : Creating shared instance of singleton bean 'org.springframework.boot.autoconfigure.jackson.JacksonAutoConfiguration$JacksonMixinConfiguration'
2025-01-17T17:28:47.075-05:00 DEBUG 5509 --- [main] o.s.b.f.s.DefaultListableBeanFactory     : Creating shared instance of singleton bean 'jsonMixinModuleEntries'
2025-01-17T17:28:47.077-05:00 DEBUG 5509 --- [main] o.s.b.f.s.DefaultListableBeanFactory     : Autowiring by type from bean name 'jsonMixinModuleEntries' via factory method to bean named 'org.springframework.boot.web.servlet.context.AnnotationConfigServletWebServerApplicationContext@7f6f61c8'
2025-01-17T17:28:47.100-05:00 DEBUG 5509 --- [main] o.s.b.f.s.DefaultListableBeanFactory     : Autowiring by type from bean name 'jsonMixinModule' via factory method to bean named 'org.springframework.boot.web.servlet.context.AnnotationConfigServletWebServerApplicationContext@7f6f61c8'
2025-01-17T17:28:47.101-05:00 DEBUG 5509 --- [main] o.s.b.f.s.DefaultListableBeanFactory     : Autowiring by type from bean name 'jsonMixinModule' via factory method to bean named 'jsonMixinModuleEntries'
2025-01-17T17:28:47.109-05:00 DEBUG 5509 --- [main] o.s.b.f.s.DefaultListableBeanFactory     : Creating shared instance of singleton bean 'jsonComponentModule'
2025-01-17T17:28:47.111-05:00 DEBUG 5509 --- [main] o.s.b.f.s.DefaultListableBeanFactory     : Creating shared instance of singleton bean 'org.springframework.boot.autoconfigure.jackson.JacksonAutoConfiguration'
2025-01-17T17:28:47.125-05:00 DEBUG 5509 --- [main] o.s.b.f.s.DefaultListableBeanFactory     : Creating shared instance of singleton bean 'jacksonGeoModule'
2025-01-17T17:28:47.126-05:00 DEBUG 5509 --- [main] o.s.b.f.s.DefaultListableBeanFactory     : Creating shared instance of singleton bean 'org.springframework.data.web.config.SpringDataJacksonConfiguration'
2025-01-17T17:28:47.130-05:00 DEBUG 5509 --- [main] o.s.b.f.s.DefaultListableBeanFactory     : Creating shared instance of singleton bean 'springDataWebSettings'
2025-01-17T17:28:47.131-05:00 DEBUG 5509 --- [main] o.s.b.f.s.DefaultListableBeanFactory     : Creating shared instance of singleton bean 'org.springframework.boot.autoconfigure.data.web.SpringDataWebAutoConfiguration'
2025-01-17T17:28:47.133-05:00 DEBUG 5509 --- [main] o.s.b.f.s.DefaultListableBeanFactory     : Creating shared instance of singleton bean 'spring.data.web-org.springframework.boot.autoconfigure.data.web.SpringDataWebProperties'
2025-01-17T17:28:47.137-05:00 DEBUG 5509 --- [main] o.s.b.f.s.DefaultListableBeanFactory     : Autowiring by type from bean name 'org.springframework.boot.autoconfigure.data.web.SpringDataWebAutoConfiguration' via constructor to bean named 'spring.data.web-org.springframework.boot.autoconfigure.data.web.SpringDataWebProperties'
2025-01-17T17:28:47.164-05:00 DEBUG 5509 --- [main] o.s.b.f.s.DefaultListableBeanFactory     : Creating shared instance of singleton bean 'pageModule'
2025-01-17T17:28:47.194-05:00 DEBUG 5509 --- [main] o.s.b.f.s.DefaultListableBeanFactory     : Autowiring by type from bean name 'jacksonObjectMapperBuilder' via factory method to bean named 'org.springframework.boot.web.servlet.context.AnnotationConfigServletWebServerApplicationContext@7f6f61c8'
2025-01-17T17:28:47.194-05:00 DEBUG 5509 --- [main] o.s.b.f.s.DefaultListableBeanFactory     : Autowiring by type from bean name 'jacksonObjectMapperBuilder' via factory method to bean named 'standardJacksonObjectMapperBuilderCustomizer'
2025-01-17T17:28:47.225-05:00 DEBUG 5509 --- [main] o.s.b.f.s.DefaultListableBeanFactory     : Autowiring by type from bean name 'jacksonObjectMapper' via factory method to bean named 'jacksonObjectMapperBuilder'
2025-01-17T17:28:47.429-05:00 DEBUG 5509 --- [main] o.s.b.f.s.DefaultListableBeanFactory     : Autowiring by type from bean name 'mappingJackson2HttpMessageConverter' via factory method to bean named 'jacksonObjectMapper'
2025-01-17T17:28:47.517-05:00 DEBUG 5509 --- [main] o.s.b.f.s.DefaultListableBeanFactory     : Creating shared instance of singleton bean 'resourceHandlerMapping'
2025-01-17T17:28:47.522-05:00 DEBUG 5509 --- [main] o.s.b.f.s.DefaultListableBeanFactory     : Autowiring by type from bean name 'resourceHandlerMapping' via factory method to bean named 'mvcContentNegotiationManager'
2025-01-17T17:28:47.522-05:00 DEBUG 5509 --- [main] o.s.b.f.s.DefaultListableBeanFactory     : Autowiring by type from bean name 'resourceHandlerMapping' via factory method to bean named 'mvcConversionService'
2025-01-17T17:28:47.525-05:00 DEBUG 5509 --- [main] o.s.b.f.s.DefaultListableBeanFactory     : Autowiring by type from bean name 'resourceHandlerMapping' via factory method to bean named 'mvcResourceUrlProvider'
2025-01-17T17:28:47.578-05:00 DEBUG 5509 --- [main] o.s.w.s.handler.SimpleUrlHandlerMapping  : Patterns [/webjars/**, /**, /swagger-ui*/*swagger-initializer.js, /swagger-ui*/**] in 'resourceHandlerMapping'
2025-01-17T17:28:47.583-05:00 DEBUG 5509 --- [main] o.s.b.f.s.DefaultListableBeanFactory     : Creating shared instance of singleton bean 'defaultServletHandlerMapping'
2025-01-17T17:28:47.604-05:00 DEBUG 5509 --- [main] o.s.b.f.s.DefaultListableBeanFactory     : Creating shared instance of singleton bean 'securityFilterChain'
2025-01-17T17:28:47.606-05:00 DEBUG 5509 --- [main] o.s.b.f.s.DefaultListableBeanFactory     : Autowiring by type from bean name 'securityFilterChain' via factory method to bean named 'org.springframework.security.config.annotation.web.configuration.HttpSecurityConfiguration.httpSecurity'
2025-01-17T17:28:47.610-05:00 DEBUG 5509 --- [main] o.s.b.f.s.DefaultListableBeanFactory     : Creating shared instance of singleton bean 'corsConfigurationSource'
2025-01-17T17:28:47.646-05:00 DEBUG 5509 --- [main] o.s.b.f.s.DefaultListableBeanFactory     : Creating shared instance of singleton bean 'webAuthorizationManagerPostProcessor'
2025-01-17T17:28:47.765-05:00 DEBUG 5509 --- [main] o.s.b.f.s.DefaultListableBeanFactory     : Creating shared instance of singleton bean 'authenticationManagerPostProcessor'
2025-01-17T17:28:47.859-05:00 DEBUG 5509 --- [main] o.s.s.web.DefaultSecurityFilterChain     : Will secure any request with filters: DisableEncodeUrlFilter, WebAsyncManagerIntegrationFilter, SecurityContextHolderFilter, HeaderWriterFilter, CorsFilter, LogoutFilter, RequestCacheAwareFilter, SecurityContextHolderAwareRequestFilter, AnonymousAuthenticationFilter, SessionManagementFilter, ExceptionTranslationFilter, AuthorizationFilter
2025-01-17T17:28:47.879-05:00 DEBUG 5509 --- [main] o.s.b.f.s.DefaultListableBeanFactory     : Creating shared instance of singleton bean 'delegatingApplicationListener'
2025-01-17T17:28:47.884-05:00 DEBUG 5509 --- [main] o.s.b.f.s.DefaultListableBeanFactory     : Creating shared instance of singleton bean 'springSecurityFilterChain'
2025-01-17T17:28:47.994-05:00 DEBUG 5509 --- [main] o.s.b.f.s.DefaultListableBeanFactory     : Creating shared instance of singleton bean 'webSecurityExpressionHandler'
2025-01-17T17:28:47.997-05:00 DEBUG 5509 --- [main] o.s.b.f.s.DefaultListableBeanFactory     : Creating shared instance of singleton bean 'privilegeEvaluator'
2025-01-17T17:28:47.998-05:00 DEBUG 5509 --- [main] o.s.b.f.s.DefaultListableBeanFactory     : Creating shared instance of singleton bean 'requestDataValueProcessor'
2025-01-17T17:28:48.000-05:00 DEBUG 5509 --- [main] o.s.b.f.s.DefaultListableBeanFactory     : Creating shared instance of singleton bean 'org.springframework.security.config.annotation.web.configuration.ObservationConfiguration'
2025-01-17T17:28:48.005-05:00 DEBUG 5509 --- [main] o.s.b.f.s.DefaultListableBeanFactory     : Creating shared instance of singleton bean 'org.springframework.boot.autoconfigure.context.PropertyPlaceholderAutoConfiguration'
2025-01-17T17:28:48.007-05:00 DEBUG 5509 --- [main] o.s.b.f.s.DefaultListableBeanFactory     : Creating shared instance of singleton bean 'org.springframework.boot.autoconfigure.websocket.servlet.WebSocketServletAutoConfiguration'
2025-01-17T17:28:48.011-05:00 DEBUG 5509 --- [main] o.s.b.f.s.DefaultListableBeanFactory     : Creating shared instance of singleton bean 'org.springframework.boot.autoconfigure.web.servlet.DispatcherServletAutoConfiguration'
2025-01-17T17:28:48.012-05:00 DEBUG 5509 --- [main] o.s.b.f.s.DefaultListableBeanFactory     : Creating shared instance of singleton bean 'org.springframework.boot.autoconfigure.task.TaskExecutorConfigurations$ThreadPoolTaskExecutorBuilderConfiguration'
2025-01-17T17:28:48.016-05:00 DEBUG 5509 --- [main] o.s.b.f.s.DefaultListableBeanFactory     : Creating shared instance of singleton bean 'threadPoolTaskExecutorBuilder'
2025-01-17T17:28:48.026-05:00 DEBUG 5509 --- [main] o.s.b.f.s.DefaultListableBeanFactory     : Creating shared instance of singleton bean 'spring.task.execution-org.springframework.boot.autoconfigure.task.TaskExecutionProperties'
2025-01-17T17:28:48.035-05:00 DEBUG 5509 --- [main] o.s.b.f.s.DefaultListableBeanFactory     : Autowiring by type from bean name 'threadPoolTaskExecutorBuilder' via factory method to bean named 'spring.task.execution-org.springframework.boot.autoconfigure.task.TaskExecutionProperties'
2025-01-17T17:28:48.050-05:00 DEBUG 5509 --- [main] o.s.b.f.s.DefaultListableBeanFactory     : Creating shared instance of singleton bean 'org.springframework.boot.autoconfigure.task.TaskExecutorConfigurations$SimpleAsyncTaskExecutorBuilderConfiguration'
2025-01-17T17:28:48.051-05:00 DEBUG 5509 --- [main] o.s.b.f.s.DefaultListableBeanFactory     : Autowiring by type from bean name 'org.springframework.boot.autoconfigure.task.TaskExecutorConfigurations$SimpleAsyncTaskExecutorBuilderConfiguration' via constructor to bean named 'spring.task.execution-org.springframework.boot.autoconfigure.task.TaskExecutionProperties'
2025-01-17T17:28:48.053-05:00 DEBUG 5509 --- [main] o.s.b.f.s.DefaultListableBeanFactory     : Creating shared instance of singleton bean 'simpleAsyncTaskExecutorBuilder'
2025-01-17T17:28:48.070-05:00 DEBUG 5509 --- [main] o.s.b.f.s.DefaultListableBeanFactory     : Creating shared instance of singleton bean 'org.springframework.boot.autoconfigure.task.TaskExecutorConfigurations$TaskExecutorConfiguration'
2025-01-17T17:28:48.073-05:00 DEBUG 5509 --- [main] o.s.b.f.s.DefaultListableBeanFactory     : Creating shared instance of singleton bean 'org.springframework.boot.autoconfigure.task.TaskExecutionAutoConfiguration'
2025-01-17T17:28:48.074-05:00 DEBUG 5509 --- [main] o.s.b.f.s.DefaultListableBeanFactory     : Creating shared instance of singleton bean 'org.springframework.boot.autoconfigure.validation.ValidationAutoConfiguration'
2025-01-17T17:28:48.084-05:00 DEBUG 5509 --- [main] o.s.b.f.s.DefaultListableBeanFactory     : Creating shared instance of singleton bean 'defaultValidator'
2025-01-17T17:28:48.091-05:00 DEBUG 5509 --- [main] o.s.b.f.s.DefaultListableBeanFactory     : Autowiring by type from bean name 'defaultValidator' via factory method to bean named 'org.springframework.boot.web.servlet.context.AnnotationConfigServletWebServerApplicationContext@7f6f61c8'
2025-01-17T17:28:48.171-05:00 DEBUG 5509 --- [main] o.s.b.f.s.DefaultListableBeanFactory     : Creating shared instance of singleton bean 'org.springframework.boot.autoconfigure.web.servlet.error.ErrorMvcAutoConfiguration$WhitelabelErrorViewConfiguration'
2025-01-17T17:28:48.178-05:00 DEBUG 5509 --- [main] o.s.b.f.s.DefaultListableBeanFactory     : Creating shared instance of singleton bean 'error'
2025-01-17T17:28:48.180-05:00 DEBUG 5509 --- [main] o.s.b.f.s.DefaultListableBeanFactory     : Creating shared instance of singleton bean 'beanNameViewResolver'
2025-01-17T17:28:48.184-05:00 DEBUG 5509 --- [main] o.s.b.f.s.DefaultListableBeanFactory     : Creating shared instance of singleton bean 'org.springframework.boot.autoconfigure.web.servlet.error.ErrorMvcAutoConfiguration$DefaultErrorViewResolverConfiguration'
2025-01-17T17:28:48.190-05:00 DEBUG 5509 --- [main] o.s.b.f.s.DefaultListableBeanFactory     : Autowiring by type from bean name 'org.springframework.boot.autoconfigure.web.servlet.error.ErrorMvcAutoConfiguration$DefaultErrorViewResolverConfiguration' via constructor to bean named 'org.springframework.boot.web.servlet.context.AnnotationConfigServletWebServerApplicationContext@7f6f61c8'
2025-01-17T17:28:48.193-05:00 DEBUG 5509 --- [main] o.s.b.f.s.DefaultListableBeanFactory     : Autowiring by type from bean name 'org.springframework.boot.autoconfigure.web.servlet.error.ErrorMvcAutoConfiguration$DefaultErrorViewResolverConfiguration' via constructor to bean named 'spring.web-org.springframework.boot.autoconfigure.web.WebProperties'
2025-01-17T17:28:48.195-05:00 DEBUG 5509 --- [main] o.s.b.f.s.DefaultListableBeanFactory     : Creating shared instance of singleton bean 'conventionErrorViewResolver'
2025-01-17T17:28:48.197-05:00 DEBUG 5509 --- [main] o.s.b.f.s.DefaultListableBeanFactory     : Creating shared instance of singleton bean 'errorAttributes'
2025-01-17T17:28:48.204-05:00 DEBUG 5509 --- [main] o.s.b.f.s.DefaultListableBeanFactory     : Creating shared instance of singleton bean 'basicErrorController'
2025-01-17T17:28:48.208-05:00 DEBUG 5509 --- [main] o.s.b.f.s.DefaultListableBeanFactory     : Autowiring by type from bean name 'basicErrorController' via factory method to bean named 'errorAttributes'
2025-01-17T17:28:48.213-05:00 DEBUG 5509 --- [main] o.s.b.f.s.DefaultListableBeanFactory     : Creating shared instance of singleton bean 'localeResolver'
2025-01-17T17:28:48.221-05:00 DEBUG 5509 --- [main] o.s.b.f.s.DefaultListableBeanFactory     : Creating shared instance of singleton bean 'themeResolver'
2025-01-17T17:28:48.227-05:00 DEBUG 5509 --- [main] o.s.b.f.s.DefaultListableBeanFactory     : Creating shared instance of singleton bean 'flashMapManager'
2025-01-17T17:28:48.239-05:00 DEBUG 5509 --- [main] o.s.b.f.s.DefaultListableBeanFactory     : Creating shared instance of singleton bean 'viewNameTranslator'
2025-01-17T17:28:48.247-05:00 DEBUG 5509 --- [main] o.s.b.f.s.DefaultListableBeanFactory     : Creating shared instance of singleton bean 'mvcValidator'
2025-01-17T17:28:48.257-05:00 DEBUG 5509 --- [main] o.s.b.f.s.DefaultListableBeanFactory     : Creating shared instance of singleton bean 'mvcPatternParser'
2025-01-17T17:28:48.260-05:00 DEBUG 5509 --- [main] o.s.b.f.s.DefaultListableBeanFactory     : Creating shared instance of singleton bean 'mvcUrlPathHelper'
2025-01-17T17:28:48.267-05:00 DEBUG 5509 --- [main] o.s.b.f.s.DefaultListableBeanFactory     : Creating shared instance of singleton bean 'mvcPathMatcher'
2025-01-17T17:28:48.276-05:00 DEBUG 5509 --- [main] o.s.b.f.s.DefaultListableBeanFactory     : Creating shared instance of singleton bean 'requestMappingHandlerAdapter'
2025-01-17T17:28:48.281-05:00 DEBUG 5509 --- [main] o.s.b.f.s.DefaultListableBeanFactory     : Autowiring by type from bean name 'requestMappingHandlerAdapter' via factory method to bean named 'mvcContentNegotiationManager'
2025-01-17T17:28:48.286-05:00 DEBUG 5509 --- [main] o.s.b.f.s.DefaultListableBeanFactory     : Autowiring by type from bean name 'requestMappingHandlerAdapter' via factory method to bean named 'mvcConversionService'
2025-01-17T17:28:48.287-05:00 DEBUG 5509 --- [main] o.s.b.f.s.DefaultListableBeanFactory     : Autowiring by type from bean name 'requestMappingHandlerAdapter' via factory method to bean named 'mvcValidator'
2025-01-17T17:28:48.424-05:00 DEBUG 5509 --- [main] o.s.b.f.s.DefaultListableBeanFactory     : Creating shared instance of singleton bean 'sortResolver'
2025-01-17T17:28:48.447-05:00 DEBUG 5509 --- [main] o.s.b.f.s.DefaultListableBeanFactory     : Creating shared instance of singleton bean 'sortCustomizer'
2025-01-17T17:28:48.480-05:00 DEBUG 5509 --- [main] o.s.b.f.s.DefaultListableBeanFactory     : Creating shared instance of singleton bean 'pageableResolver'
2025-01-17T17:28:48.501-05:00 DEBUG 5509 --- [main] o.s.b.f.s.DefaultListableBeanFactory     : Creating shared instance of singleton bean 'pageableCustomizer'
2025-01-17T17:28:48.547-05:00 DEBUG 5509 --- [main] o.s.b.f.s.DefaultListableBeanFactory     : Creating shared instance of singleton bean 'applicationTaskExecutor'
2025-01-17T17:28:48.555-05:00 DEBUG 5509 --- [main] o.s.b.f.s.DefaultListableBeanFactory     : Autowiring by type from bean name 'applicationTaskExecutor' via factory method to bean named 'threadPoolTaskExecutorBuilder'
2025-01-17T17:28:48.624-05:00 DEBUG 5509 --- [main] o.s.s.concurrent.ThreadPoolTaskExecutor  : Initializing ExecutorService 'applicationTaskExecutor'
2025-01-17T17:28:48.701-05:00 DEBUG 5509 --- [main] o.s.b.f.s.DefaultListableBeanFactory     : Creating shared instance of singleton bean 'org.springdoc.core.configuration.SpringDocConfiguration$OpenApiResourceAdvice'
2025-01-17T17:28:48.705-05:00 DEBUG 5509 --- [main] o.s.b.f.s.DefaultListableBeanFactory     : Autowiring by type from bean name 'org.springdoc.core.configuration.SpringDocConfiguration$OpenApiResourceAdvice' via constructor to bean named 'org.springdoc.core.configuration.SpringDocConfiguration'
2025-01-17T17:28:48.736-05:00 DEBUG 5509 --- [main] s.w.s.m.m.a.RequestMappingHandlerAdapter : ControllerAdvice beans: 0 @ModelAttribute, 0 @InitBinder, 1 RequestBodyAdvice, 1 ResponseBodyAdvice
2025-01-17T17:28:49.020-05:00 DEBUG 5509 --- [main] o.s.b.f.s.DefaultListableBeanFactory     : Creating shared instance of singleton bean 'mvcViewResolver'
2025-01-17T17:28:49.023-05:00 DEBUG 5509 --- [main] o.s.b.f.s.DefaultListableBeanFactory     : Autowiring by type from bean name 'mvcViewResolver' via factory method to bean named 'mvcContentNegotiationManager'
2025-01-17T17:28:49.045-05:00 DEBUG 5509 --- [main] o.s.b.f.s.DefaultListableBeanFactory     : Creating shared instance of singleton bean 'defaultViewResolver'
2025-01-17T17:28:49.088-05:00 DEBUG 5509 --- [main] o.s.b.f.s.DefaultListableBeanFactory     : Creating shared instance of singleton bean 'viewResolver'
2025-01-17T17:28:49.090-05:00 DEBUG 5509 --- [main] o.s.b.f.s.DefaultListableBeanFactory     : Autowiring by type from bean name 'viewResolver' via factory method to bean named 'org.springframework.beans.factory.support.DefaultListableBeanFactory@63c5efee'
2025-01-17T17:28:49.096-05:00 DEBUG 5509 --- [main] o.s.b.f.s.DefaultListableBeanFactory     : Creating shared instance of singleton bean 'viewResolver'
2025-01-17T17:28:49.183-05:00 DEBUG 5509 --- [main] o.s.b.f.s.DefaultListableBeanFactory     : Creating shared instance of singleton bean 'handlerFunctionAdapter'
2025-01-17T17:28:49.203-05:00 DEBUG 5509 --- [main] o.s.b.f.s.DefaultListableBeanFactory     : Creating shared instance of singleton bean 'mvcUriComponentsContributor'
2025-01-17T17:28:49.209-05:00 DEBUG 5509 --- [main] o.s.b.f.s.DefaultListableBeanFactory     : Autowiring by type from bean name 'mvcUriComponentsContributor' via factory method to bean named 'mvcConversionService'
2025-01-17T17:28:49.209-05:00 DEBUG 5509 --- [main] o.s.b.f.s.DefaultListableBeanFactory     : Autowiring by type from bean name 'mvcUriComponentsContributor' via factory method to bean named 'requestMappingHandlerAdapter'
2025-01-17T17:28:49.212-05:00 DEBUG 5509 --- [main] o.s.b.f.s.DefaultListableBeanFactory     : Creating shared instance of singleton bean 'httpRequestHandlerAdapter'
2025-01-17T17:28:49.213-05:00 DEBUG 5509 --- [main] o.s.b.f.s.DefaultListableBeanFactory     : Creating shared instance of singleton bean 'simpleControllerHandlerAdapter'
2025-01-17T17:28:49.218-05:00 DEBUG 5509 --- [main] o.s.b.f.s.DefaultListableBeanFactory     : Creating shared instance of singleton bean 'handlerExceptionResolver'
2025-01-17T17:28:49.221-05:00 DEBUG 5509 --- [main] o.s.b.f.s.DefaultListableBeanFactory     : Autowiring by type from bean name 'handlerExceptionResolver' via factory method to bean named 'mvcContentNegotiationManager'
2025-01-17T17:28:49.268-05:00 DEBUG 5509 --- [main] .m.m.a.ExceptionHandlerExceptionResolver : ControllerAdvice beans: 2 @ExceptionHandler, 1 ResponseBodyAdvice
2025-01-17T17:28:49.280-05:00 DEBUG 5509 --- [main] o.s.b.f.s.DefaultListableBeanFactory     : Creating shared instance of singleton bean 'org.springdoc.core.configuration.SpringDocConfiguration$QuerydslProvider'
2025-01-17T17:28:49.280-05:00 DEBUG 5509 --- [main] o.s.b.f.s.DefaultListableBeanFactory     : Creating shared instance of singleton bean 'queryDslQuerydslPredicateOperationCustomizer'
2025-01-17T17:28:49.284-05:00 DEBUG 5509 --- [main] o.s.b.f.s.DefaultListableBeanFactory     : Autowiring by type from bean name 'queryDslQuerydslPredicateOperationCustomizer' via factory method to bean named 'org.springdoc.core.properties.SpringDocConfigProperties'
2025-01-17T17:28:49.285-05:00 DEBUG 5509 --- [main] o.s.b.f.s.DefaultListableBeanFactory     : Creating shared instance of singleton bean 'org.springdoc.core.configuration.SpringDocConfiguration$SpringDocSpringDataWebPropertiesProvider'
2025-01-17T17:28:49.286-05:00 DEBUG 5509 --- [main] o.s.b.f.s.DefaultListableBeanFactory     : Creating shared instance of singleton bean 'springDataWebPropertiesProvider'
2025-01-17T17:28:49.293-05:00 DEBUG 5509 --- [main] o.s.b.f.s.DefaultListableBeanFactory     : Creating shared instance of singleton bean 'org.springdoc.core.configuration.SpringDocConfiguration$WebConversionServiceConfiguration'
2025-01-17T17:28:49.294-05:00 DEBUG 5509 --- [main] o.s.b.f.s.DefaultListableBeanFactory     : Creating shared instance of singleton bean 'webConversionServiceProvider'
2025-01-17T17:28:49.299-05:00 DEBUG 5509 --- [main] o.s.b.f.s.DefaultListableBeanFactory     : Creating shared instance of singleton bean 'localSpringDocParameterNameDiscoverer'
2025-01-17T17:28:49.303-05:00 DEBUG 5509 --- [main] o.s.b.f.s.DefaultListableBeanFactory     : Creating shared instance of singleton bean 'additionalModelsConverter'
2025-01-17T17:28:49.305-05:00 DEBUG 5509 --- [main] o.s.b.f.s.DefaultListableBeanFactory     : Autowiring by type from bean name 'additionalModelsConverter' via factory method to bean named 'springdocObjectMapperProvider'
2025-01-17T17:28:49.310-05:00 DEBUG 5509 --- [main] o.s.b.f.s.DefaultListableBeanFactory     : Creating shared instance of singleton bean 'fileSupportConverter'
2025-01-17T17:28:49.314-05:00 DEBUG 5509 --- [main] o.s.b.f.s.DefaultListableBeanFactory     : Autowiring by type from bean name 'fileSupportConverter' via factory method to bean named 'springdocObjectMapperProvider'
2025-01-17T17:28:49.324-05:00 DEBUG 5509 --- [main] o.s.b.f.s.DefaultListableBeanFactory     : Creating shared instance of singleton bean 'responseSupportConverter'
2025-01-17T17:28:49.329-05:00 DEBUG 5509 --- [main] o.s.b.f.s.DefaultListableBeanFactory     : Autowiring by type from bean name 'responseSupportConverter' via factory method to bean named 'springdocObjectMapperProvider'
2025-01-17T17:28:49.330-05:00 DEBUG 5509 --- [main] o.s.b.f.s.DefaultListableBeanFactory     : Creating shared instance of singleton bean 'schemaPropertyDeprecatingConverter'
2025-01-17T17:28:49.338-05:00 DEBUG 5509 --- [main] o.s.b.f.s.DefaultListableBeanFactory     : Creating shared instance of singleton bean 'polymorphicModelConverter'
2025-01-17T17:28:49.338-05:00 DEBUG 5509 --- [main] o.s.b.f.s.DefaultListableBeanFactory     : Autowiring by type from bean name 'polymorphicModelConverter' via factory method to bean named 'springdocObjectMapperProvider'
2025-01-17T17:28:49.358-05:00 DEBUG 5509 --- [main] o.s.b.f.s.DefaultListableBeanFactory     : Creating shared instance of singleton bean 'openAPIBuilder'
2025-01-17T17:28:49.376-05:00 DEBUG 5509 --- [main] o.s.b.f.s.DefaultListableBeanFactory     : Creating shared instance of singleton bean 'securityParser'
2025-01-17T17:28:49.382-05:00 DEBUG 5509 --- [main] o.s.b.f.s.DefaultListableBeanFactory     : Creating shared instance of singleton bean 'propertyResolverUtils'
2025-01-17T17:28:49.391-05:00 DEBUG 5509 --- [main] o.s.b.f.s.DefaultListableBeanFactory     : Autowiring by type from bean name 'propertyResolverUtils' via factory method to bean named 'org.springframework.beans.factory.support.DefaultListableBeanFactory@63c5efee'
2025-01-17T17:28:49.393-05:00 DEBUG 5509 --- [main] o.s.b.f.s.DefaultListableBeanFactory     : Autowiring by type from bean name 'propertyResolverUtils' via factory method to bean named 'messageSource'
2025-01-17T17:28:49.393-05:00 DEBUG 5509 --- [main] o.s.b.f.s.DefaultListableBeanFactory     : Autowiring by type from bean name 'propertyResolverUtils' via factory method to bean named 'org.springdoc.core.properties.SpringDocConfigProperties'
2025-01-17T17:28:49.398-05:00 DEBUG 5509 --- [main] o.s.b.f.s.DefaultListableBeanFactory     : Autowiring by type from bean name 'securityParser' via factory method to bean named 'propertyResolverUtils'
2025-01-17T17:28:49.442-05:00 DEBUG 5509 --- [main] o.s.b.f.s.DefaultListableBeanFactory     : Autowiring by type from bean name 'openAPIBuilder' via factory method to bean named 'securityParser'
2025-01-17T17:28:49.442-05:00 DEBUG 5509 --- [main] o.s.b.f.s.DefaultListableBeanFactory     : Autowiring by type from bean name 'openAPIBuilder' via factory method to bean named 'org.springdoc.core.properties.SpringDocConfigProperties'
2025-01-17T17:28:49.442-05:00 DEBUG 5509 --- [main] o.s.b.f.s.DefaultListableBeanFactory     : Autowiring by type from bean name 'openAPIBuilder' via factory method to bean named 'propertyResolverUtils'
2025-01-17T17:28:49.466-05:00 DEBUG 5509 --- [main] o.s.b.f.s.DefaultListableBeanFactory     : Creating shared instance of singleton bean 'modelConverterRegistrar'
2025-01-17T17:28:49.483-05:00 DEBUG 5509 --- [main] o.s.b.f.s.DefaultListableBeanFactory     : Creating shared instance of singleton bean 'pageableOpenAPIConverter'
2025-01-17T17:28:49.484-05:00 DEBUG 5509 --- [main] o.s.b.f.s.DefaultListableBeanFactory     : Creating shared instance of singleton bean 'org.springdoc.core.configuration.SpringDocPageableConfiguration'
2025-01-17T17:28:49.496-05:00 DEBUG 5509 --- [main] o.s.b.f.s.DefaultListableBeanFactory     : Autowiring by type from bean name 'pageableOpenAPIConverter' via factory method to bean named 'springdocObjectMapperProvider'
2025-01-17T17:28:49.504-05:00 DEBUG 5509 --- [main] o.s.b.f.s.DefaultListableBeanFactory     : Creating shared instance of singleton bean 'pageOpenAPIConverter'
2025-01-17T17:28:49.514-05:00 DEBUG 5509 --- [main] o.s.b.f.s.DefaultListableBeanFactory     : Autowiring by type from bean name 'pageOpenAPIConverter' via factory method to bean named 'springdocObjectMapperProvider'
2025-01-17T17:28:49.530-05:00 DEBUG 5509 --- [main] o.s.b.f.s.DefaultListableBeanFactory     : Creating shared instance of singleton bean 'sortOpenAPIConverter'
2025-01-17T17:28:49.533-05:00 DEBUG 5509 --- [main] o.s.b.f.s.DefaultListableBeanFactory     : Creating shared instance of singleton bean 'org.springdoc.core.configuration.SpringDocSortConfiguration'
2025-01-17T17:28:49.534-05:00 DEBUG 5509 --- [main] o.s.b.f.s.DefaultListableBeanFactory     : Autowiring by type from bean name 'sortOpenAPIConverter' via factory method to bean named 'springdocObjectMapperProvider'
2025-01-17T17:28:49.554-05:00 DEBUG 5509 --- [main] o.s.b.f.s.DefaultListableBeanFactory     : Autowiring by type from bean name 'modelConverterRegistrar' via factory method to bean named 'org.springdoc.core.properties.SpringDocConfigProperties'
2025-01-17T17:28:49.729-05:00 DEBUG 5509 --- [main] o.s.b.f.s.DefaultListableBeanFactory     : Creating shared instance of singleton bean 'operationBuilder'
2025-01-17T17:28:49.733-05:00 DEBUG 5509 --- [main] o.s.b.f.s.DefaultListableBeanFactory     : Creating shared instance of singleton bean 'parameterBuilder'
2025-01-17T17:28:49.735-05:00 DEBUG 5509 --- [main] o.s.b.f.s.DefaultListableBeanFactory     : Creating shared instance of singleton bean 'parameterObjectNamingStrategyCustomizer'
2025-01-17T17:28:49.739-05:00 DEBUG 5509 --- [main] o.s.b.f.s.DefaultListableBeanFactory     : Creating shared instance of singleton bean 'dataRestDelegatingMethodParameterCustomizer'
2025-01-17T17:28:49.757-05:00 DEBUG 5509 --- [main] o.s.b.f.s.DefaultListableBeanFactory     : Autowiring by type from bean name 'parameterBuilder' via factory method to bean named 'propertyResolverUtils'
2025-01-17T17:28:49.757-05:00 DEBUG 5509 --- [main] o.s.b.f.s.DefaultListableBeanFactory     : Autowiring by type from bean name 'parameterBuilder' via factory method to bean named 'springdocObjectMapperProvider'
2025-01-17T17:28:49.780-05:00 DEBUG 5509 --- [main] o.s.b.f.s.DefaultListableBeanFactory     : Creating shared instance of singleton bean 'requestBodyBuilder'
2025-01-17T17:28:49.782-05:00 DEBUG 5509 --- [main] o.s.b.f.s.DefaultListableBeanFactory     : Autowiring by type from bean name 'requestBodyBuilder' via factory method to bean named 'parameterBuilder'
2025-01-17T17:28:49.784-05:00 DEBUG 5509 --- [main] o.s.b.f.s.DefaultListableBeanFactory     : Autowiring by type from bean name 'requestBodyBuilder' via factory method to bean named 'propertyResolverUtils'
2025-01-17T17:28:49.790-05:00 DEBUG 5509 --- [main] o.s.b.f.s.DefaultListableBeanFactory     : Autowiring by type from bean name 'operationBuilder' via factory method to bean named 'parameterBuilder'
2025-01-17T17:28:49.793-05:00 DEBUG 5509 --- [main] o.s.b.f.s.DefaultListableBeanFactory     : Autowiring by type from bean name 'operationBuilder' via factory method to bean named 'requestBodyBuilder'
2025-01-17T17:28:49.793-05:00 DEBUG 5509 --- [main] o.s.b.f.s.DefaultListableBeanFactory     : Autowiring by type from bean name 'operationBuilder' via factory method to bean named 'securityParser'
2025-01-17T17:28:49.796-05:00 DEBUG 5509 --- [main] o.s.b.f.s.DefaultListableBeanFactory     : Autowiring by type from bean name 'operationBuilder' via factory method to bean named 'propertyResolverUtils'
2025-01-17T17:28:49.802-05:00 DEBUG 5509 --- [main] o.s.b.f.s.DefaultListableBeanFactory     : Creating shared instance of singleton bean 'springDocProviders'
2025-01-17T17:28:49.827-05:00 DEBUG 5509 --- [main] o.s.b.f.s.DefaultListableBeanFactory     : Creating shared instance of singleton bean 'routerFunctionProvider'
2025-01-17T17:28:49.827-05:00 DEBUG 5509 --- [main] o.s.b.f.s.DefaultListableBeanFactory     : Creating shared instance of singleton bean 'org.springdoc.webmvc.core.configuration.SpringDocWebMvcConfiguration$SpringDocWebMvcRouterConfiguration'
2025-01-17T17:28:49.837-05:00 DEBUG 5509 --- [main] o.s.b.f.s.DefaultListableBeanFactory     : Autowiring by type from bean name 'springDocProviders' via factory method to bean named 'springdocObjectMapperProvider'
2025-01-17T17:28:49.876-05:00 DEBUG 5509 --- [main] o.s.b.f.s.DefaultListableBeanFactory     : Creating shared instance of singleton bean 'springDocCustomizers'
2025-01-17T17:28:49.883-05:00 DEBUG 5509 --- [main] o.s.b.f.s.DefaultListableBeanFactory     : Creating shared instance of singleton bean 'globalOpenApiCustomizer'
2025-01-17T17:28:49.898-05:00 DEBUG 5509 --- [main] o.s.b.f.s.DefaultListableBeanFactory     : Creating shared instance of singleton bean 'org.springdoc.core.configuration.SpringDocSecurityConfiguration$SpringSecurityLoginEndpointConfiguration'
2025-01-17T17:28:49.903-05:00 DEBUG 5509 --- [main] o.s.b.f.s.DefaultListableBeanFactory     : Creating shared instance of singleton bean 'org.springdoc.core.configuration.SpringDocSecurityConfiguration'
2025-01-17T17:28:49.916-05:00 DEBUG 5509 --- [main] o.s.b.f.s.DefaultListableBeanFactory     : Autowiring by type from bean name 'org.springdoc.core.configuration.SpringDocSecurityConfiguration$SpringSecurityLoginEndpointConfiguration' via constructor to bean named 'org.springdoc.core.configuration.SpringDocSecurityConfiguration'
2025-01-17T17:28:49.917-05:00 DEBUG 5509 --- [main] o.s.b.f.s.DefaultListableBeanFactory     : Creating shared instance of singleton bean 'org.springdoc.core.configuration.SpringDocUIConfiguration'
2025-01-17T17:28:49.922-05:00 DEBUG 5509 --- [main] o.s.b.f.s.DefaultListableBeanFactory     : Creating shared instance of singleton bean 'openApiResource'
2025-01-17T17:28:49.923-05:00 DEBUG 5509 --- [main] o.s.b.f.s.DefaultListableBeanFactory     : Creating shared instance of singleton bean 'requestBuilder'
2025-01-17T17:28:49.927-05:00 DEBUG 5509 --- [main] o.s.b.f.s.DefaultListableBeanFactory     : Autowiring by type from bean name 'requestBuilder' via factory method to bean named 'parameterBuilder'
2025-01-17T17:28:49.931-05:00 DEBUG 5509 --- [main] o.s.b.f.s.DefaultListableBeanFactory     : Autowiring by type from bean name 'requestBuilder' via factory method to bean named 'requestBodyBuilder'
2025-01-17T17:28:49.932-05:00 DEBUG 5509 --- [main] o.s.b.f.s.DefaultListableBeanFactory     : Autowiring by type from bean name 'requestBuilder' via factory method to bean named 'localSpringDocParameterNameDiscoverer'
2025-01-17T17:28:49.939-05:00 DEBUG 5509 --- [main] o.s.b.f.s.DefaultListableBeanFactory     : Creating shared instance of singleton bean 'responseBuilder'
2025-01-17T17:28:49.949-05:00 DEBUG 5509 --- [main] o.s.b.f.s.DefaultListableBeanFactory     : Autowiring by type from bean name 'responseBuilder' via factory method to bean named 'operationBuilder'
2025-01-17T17:28:49.950-05:00 DEBUG 5509 --- [main] o.s.b.f.s.DefaultListableBeanFactory     : Autowiring by type from bean name 'responseBuilder' via factory method to bean named 'org.springdoc.core.properties.SpringDocConfigProperties'
2025-01-17T17:28:49.950-05:00 DEBUG 5509 --- [main] o.s.b.f.s.DefaultListableBeanFactory     : Autowiring by type from bean name 'responseBuilder' via factory method to bean named 'propertyResolverUtils'
2025-01-17T17:28:49.960-05:00 DEBUG 5509 --- [main] o.s.b.f.s.DefaultListableBeanFactory     : Autowiring by type from bean name 'openApiResource' via factory method to bean named 'requestBuilder'
2025-01-17T17:28:49.960-05:00 DEBUG 5509 --- [main] o.s.b.f.s.DefaultListableBeanFactory     : Autowiring by type from bean name 'openApiResource' via factory method to bean named 'responseBuilder'
2025-01-17T17:28:49.960-05:00 DEBUG 5509 --- [main] o.s.b.f.s.DefaultListableBeanFactory     : Autowiring by type from bean name 'openApiResource' via factory method to bean named 'operationBuilder'
2025-01-17T17:28:49.960-05:00 DEBUG 5509 --- [main] o.s.b.f.s.DefaultListableBeanFactory     : Autowiring by type from bean name 'openApiResource' via factory method to bean named 'org.springdoc.core.properties.SpringDocConfigProperties'
2025-01-17T17:28:49.960-05:00 DEBUG 5509 --- [main] o.s.b.f.s.DefaultListableBeanFactory     : Autowiring by type from bean name 'openApiResource' via factory method to bean named 'springDocProviders'
2025-01-17T17:28:49.961-05:00 DEBUG 5509 --- [main] o.s.b.f.s.DefaultListableBeanFactory     : Autowiring by type from bean name 'openApiResource' via factory method to bean named 'springDocCustomizers'
2025-01-17T17:28:49.975-05:00 DEBUG 5509 --- [main] o.s.b.f.s.DefaultListableBeanFactory     : Creating shared instance of singleton bean 'swaggerConfigResource'
2025-01-17T17:28:49.976-05:00 DEBUG 5509 --- [main] o.s.b.f.s.DefaultListableBeanFactory     : Autowiring by type from bean name 'swaggerConfigResource' via factory method to bean named 'swaggerWelcome'
2025-01-17T17:28:49.978-05:00 DEBUG 5509 --- [main] o.s.b.f.s.DefaultListableBeanFactory     : Creating shared instance of singleton bean 'org.springframework.boot.autoconfigure.jmx.JmxAutoConfiguration'
2025-01-17T17:28:49.982-05:00 DEBUG 5509 --- [main] o.s.b.f.s.DefaultListableBeanFactory     : Creating shared instance of singleton bean 'spring.jmx-org.springframework.boot.autoconfigure.jmx.JmxProperties'
2025-01-17T17:28:50.014-05:00 DEBUG 5509 --- [main] o.s.b.f.s.DefaultListableBeanFactory     : Autowiring by type from bean name 'org.springframework.boot.autoconfigure.jmx.JmxAutoConfiguration' via constructor to bean named 'spring.jmx-org.springframework.boot.autoconfigure.jmx.JmxProperties'
2025-01-17T17:28:50.018-05:00 DEBUG 5509 --- [main] o.s.b.f.s.DefaultListableBeanFactory     : Creating shared instance of singleton bean 'mbeanExporter'
2025-01-17T17:28:50.020-05:00 DEBUG 5509 --- [main] o.s.b.f.s.DefaultListableBeanFactory     : Creating shared instance of singleton bean 'objectNamingStrategy'
2025-01-17T17:28:50.033-05:00 DEBUG 5509 --- [main] o.s.b.f.s.DefaultListableBeanFactory     : Autowiring by type from bean name 'mbeanExporter' via factory method to bean named 'objectNamingStrategy'
2025-01-17T17:28:50.034-05:00 DEBUG 5509 --- [main] o.s.b.f.s.DefaultListableBeanFactory     : Autowiring by type from bean name 'mbeanExporter' via factory method to bean named 'org.springframework.beans.factory.support.DefaultListableBeanFactory@63c5efee'
2025-01-17T17:28:50.070-05:00 DEBUG 5509 --- [main] o.s.b.f.s.DefaultListableBeanFactory     : Creating shared instance of singleton bean 'mbeanServer'
2025-01-17T17:28:50.088-05:00 DEBUG 5509 --- [main] o.springframework.jmx.support.JmxUtils   : Found MBeanServer: com.sun.jmx.mbeanserver.JmxMBeanServer@707f7052
2025-01-17T17:28:50.129-05:00 DEBUG 5509 --- [main] o.s.b.f.s.DefaultListableBeanFactory     : Creating shared instance of singleton bean 'org.springframework.boot.autoconfigure.admin.SpringApplicationAdminJmxAutoConfiguration'
2025-01-17T17:28:50.130-05:00 DEBUG 5509 --- [main] o.s.b.f.s.DefaultListableBeanFactory     : Creating shared instance of singleton bean 'springApplicationAdminRegistrar'
2025-01-17T17:28:50.135-05:00 DEBUG 5509 --- [main] o.s.b.f.s.DefaultListableBeanFactory     : Autowiring by type from bean name 'springApplicationAdminRegistrar' via factory method to bean named 'environment'
2025-01-17T17:28:50.155-05:00 DEBUG 5509 --- [main] inMXBeanRegistrar$SpringApplicationAdmin : Application Admin MBean registered with name 'org.springframework.boot:type=Admin,name=SpringApplication'
2025-01-17T17:28:50.159-05:00 DEBUG 5509 --- [main] o.s.b.f.s.DefaultListableBeanFactory     : Creating shared instance of singleton bean 'org.springframework.boot.autoconfigure.aop.AopAutoConfiguration$AspectJAutoProxyingConfiguration$CglibAutoProxyConfiguration'
2025-01-17T17:28:50.160-05:00 DEBUG 5509 --- [main] o.s.b.f.s.DefaultListableBeanFactory     : Creating shared instance of singleton bean 'org.springframework.boot.autoconfigure.aop.AopAutoConfiguration$AspectJAutoProxyingConfiguration'
2025-01-17T17:28:50.164-05:00 DEBUG 5509 --- [main] o.s.b.f.s.DefaultListableBeanFactory     : Creating shared instance of singleton bean 'org.springframework.boot.autoconfigure.aop.AopAutoConfiguration'
2025-01-17T17:28:50.166-05:00 DEBUG 5509 --- [main] o.s.b.f.s.DefaultListableBeanFactory     : Creating shared instance of singleton bean 'org.springframework.boot.autoconfigure.availability.ApplicationAvailabilityAutoConfiguration'
2025-01-17T17:28:50.169-05:00 DEBUG 5509 --- [main] o.s.b.f.s.DefaultListableBeanFactory     : Creating shared instance of singleton bean 'applicationAvailability'
2025-01-17T17:28:50.184-05:00 DEBUG 5509 --- [main] o.s.b.f.s.DefaultListableBeanFactory     : Creating shared instance of singleton bean 'org.springframework.boot.autoconfigure.transaction.jta.JtaAutoConfiguration'
2025-01-17T17:28:50.191-05:00 DEBUG 5509 --- [main] o.s.b.f.s.DefaultListableBeanFactory     : Creating shared instance of singleton bean 'org.springframework.boot.autoconfigure.jdbc.DataSourceJmxConfiguration$Hikari'
2025-01-17T17:28:50.196-05:00 DEBUG 5509 --- [main] o.s.b.f.s.DefaultListableBeanFactory     : Autowiring by type from bean name 'org.springframework.boot.autoconfigure.jdbc.DataSourceJmxConfiguration$Hikari' via constructor to bean named 'dataSource'
2025-01-17T17:28:50.202-05:00 DEBUG 5509 --- [main] o.s.b.f.s.DefaultListableBeanFactory     : Creating shared instance of singleton bean 'org.springframework.boot.autoconfigure.jdbc.DataSourceJmxConfiguration'
2025-01-17T17:28:50.211-05:00 DEBUG 5509 --- [main] o.s.b.f.s.DefaultListableBeanFactory     : Creating shared instance of singleton bean 'org.springframework.boot.autoconfigure.jdbc.metadata.DataSourcePoolMetadataProvidersConfiguration'
2025-01-17T17:28:50.212-05:00 DEBUG 5509 --- [main] o.s.b.f.s.DefaultListableBeanFactory     : Creating shared instance of singleton bean 'org.springframework.boot.autoconfigure.jdbc.DataSourceAutoConfiguration'
2025-01-17T17:28:50.213-05:00 DEBUG 5509 --- [main] o.s.b.f.s.DefaultListableBeanFactory     : Creating shared instance of singleton bean 'org.springframework.boot.autoconfigure.transaction.TransactionManagerCustomizationAutoConfiguration'
2025-01-17T17:28:50.219-05:00 DEBUG 5509 --- [main] o.s.b.f.s.DefaultListableBeanFactory     : Creating shared instance of singleton bean 'platformTransactionManagerCustomizers'
2025-01-17T17:28:50.224-05:00 DEBUG 5509 --- [main] o.s.b.f.s.DefaultListableBeanFactory     : Creating shared instance of singleton bean 'transactionExecutionListeners'
2025-01-17T17:28:50.237-05:00 DEBUG 5509 --- [main] o.s.b.f.s.DefaultListableBeanFactory     : Creating shared instance of singleton bean 'spring.transaction-org.springframework.boot.autoconfigure.transaction.TransactionProperties'
2025-01-17T17:28:50.256-05:00 DEBUG 5509 --- [main] o.s.b.f.s.DefaultListableBeanFactory     : Creating shared instance of singleton bean 'org.springframework.boot.autoconfigure.orm.jpa.JpaBaseConfiguration$PersistenceManagedTypesConfiguration'
2025-01-17T17:28:50.261-05:00 DEBUG 5509 --- [main] o.s.b.f.s.DefaultListableBeanFactory     : Creating shared instance of singleton bean 'transactionManager'
2025-01-17T17:28:50.301-05:00 DEBUG 5509 --- [main] o.s.b.f.s.DefaultListableBeanFactory     : Creating shared instance of singleton bean 'org.springframework.boot.autoconfigure.orm.jpa.HibernateJpaAutoConfiguration'
2025-01-17T17:28:50.303-05:00 DEBUG 5509 --- [main] o.s.b.f.s.DefaultListableBeanFactory     : Creating shared instance of singleton bean 'org.springframework.boot.autoconfigure.context.ConfigurationPropertiesAutoConfiguration'
2025-01-17T17:28:50.304-05:00 DEBUG 5509 --- [main] o.s.b.f.s.DefaultListableBeanFactory     : Creating shared instance of singleton bean 'org.springframework.boot.autoconfigure.context.LifecycleAutoConfiguration'
2025-01-17T17:28:50.306-05:00 DEBUG 5509 --- [main] o.s.b.f.s.DefaultListableBeanFactory     : Creating shared instance of singleton bean 'lifecycleProcessor'
2025-01-17T17:28:50.316-05:00 DEBUG 5509 --- [main] o.s.b.f.s.DefaultListableBeanFactory     : Creating shared instance of singleton bean 'spring.lifecycle-org.springframework.boot.autoconfigure.context.LifecycleProperties'
2025-01-17T17:28:50.325-05:00 DEBUG 5509 --- [main] o.s.b.f.s.DefaultListableBeanFactory     : Autowiring by type from bean name 'lifecycleProcessor' via factory method to bean named 'spring.lifecycle-org.springframework.boot.autoconfigure.context.LifecycleProperties'
2025-01-17T17:28:50.342-05:00 DEBUG 5509 --- [main] o.s.b.f.s.DefaultListableBeanFactory     : Creating shared instance of singleton bean 'org.springframework.boot.autoconfigure.dao.PersistenceExceptionTranslationAutoConfiguration'
2025-01-17T17:28:50.346-05:00 DEBUG 5509 --- [main] o.s.b.f.s.DefaultListableBeanFactory     : Creating shared instance of singleton bean 'org.springframework.boot.autoconfigure.data.jpa.JpaRepositoriesAutoConfiguration'
2025-01-17T17:28:50.351-05:00 DEBUG 5509 --- [main] o.s.b.f.s.DefaultListableBeanFactory     : Creating shared instance of singleton bean 'org.springframework.data.jpa.util.JpaMetamodelCacheCleanup'
2025-01-17T17:28:50.353-05:00 DEBUG 5509 --- [main] o.s.b.f.s.DefaultListableBeanFactory     : Creating shared instance of singleton bean 'org.springframework.data.jpa.repository.support.JpaEvaluationContextExtension'
2025-01-17T17:28:50.359-05:00 DEBUG 5509 --- [main] o.s.b.f.s.DefaultListableBeanFactory     : Creating shared instance of singleton bean 'data-jpa.repository-aot-processor#0'
2025-01-17T17:28:50.396-05:00 DEBUG 5509 --- [main] o.s.b.f.s.DefaultListableBeanFactory     : Creating shared instance of singleton bean 'org.springframework.boot.autoconfigure.http.JacksonHttpMessageConvertersConfiguration'
2025-01-17T17:28:50.397-05:00 DEBUG 5509 --- [main] o.s.b.f.s.DefaultListableBeanFactory     : Creating shared instance of singleton bean 'org.springframework.data.web.config.ProjectingArgumentResolverRegistrar'
2025-01-17T17:28:50.408-05:00 DEBUG 5509 --- [main] o.s.b.f.s.DefaultListableBeanFactory     : Creating shared instance of singleton bean 'offsetResolver'
2025-01-17T17:28:50.423-05:00 DEBUG 5509 --- [main] o.s.b.f.s.DefaultListableBeanFactory     : Creating shared instance of singleton bean 'org.springframework.boot.autoconfigure.http.client.HttpClientAutoConfiguration'
2025-01-17T17:28:50.424-05:00 DEBUG 5509 --- [main] o.s.b.f.s.DefaultListableBeanFactory     : Creating shared instance of singleton bean 'clientHttpRequestFactoryBuilder'
2025-01-17T17:28:50.437-05:00 DEBUG 5509 --- [main] o.s.b.f.s.DefaultListableBeanFactory     : Creating shared instance of singleton bean 'spring.http.client-org.springframework.boot.autoconfigure.http.client.HttpClientProperties'
2025-01-17T17:28:50.451-05:00 DEBUG 5509 --- [main] o.s.b.f.s.DefaultListableBeanFactory     : Autowiring by type from bean name 'clientHttpRequestFactoryBuilder' via factory method to bean named 'spring.http.client-org.springframework.boot.autoconfigure.http.client.HttpClientProperties'
2025-01-17T17:28:50.499-05:00 DEBUG 5509 --- [main] o.s.b.f.s.DefaultListableBeanFactory     : Creating shared instance of singleton bean 'clientHttpRequestFactorySettings'
2025-01-17T17:28:50.501-05:00 DEBUG 5509 --- [main] o.s.b.f.s.DefaultListableBeanFactory     : Autowiring by type from bean name 'clientHttpRequestFactorySettings' via factory method to bean named 'spring.http.client-org.springframework.boot.autoconfigure.http.client.HttpClientProperties'
2025-01-17T17:28:50.506-05:00 DEBUG 5509 --- [main] o.s.b.f.s.DefaultListableBeanFactory     : Creating shared instance of singleton bean 'org.springframework.boot.autoconfigure.info.ProjectInfoAutoConfiguration'
2025-01-17T17:28:50.518-05:00 DEBUG 5509 --- [main] o.s.b.f.s.DefaultListableBeanFactory     : Creating shared instance of singleton bean 'spring.info-org.springframework.boot.autoconfigure.info.ProjectInfoProperties'
2025-01-17T17:28:50.527-05:00 DEBUG 5509 --- [main] o.s.b.f.s.DefaultListableBeanFactory     : Autowiring by type from bean name 'org.springframework.boot.autoconfigure.info.ProjectInfoAutoConfiguration' via constructor to bean named 'spring.info-org.springframework.boot.autoconfigure.info.ProjectInfoProperties'
2025-01-17T17:28:50.530-05:00 DEBUG 5509 --- [main] o.s.b.f.s.DefaultListableBeanFactory     : Creating shared instance of singleton bean 'org.springframework.boot.autoconfigure.jdbc.JdbcTemplateConfiguration'
2025-01-17T17:28:50.531-05:00 DEBUG 5509 --- [main] o.s.b.f.s.DefaultListableBeanFactory     : Creating shared instance of singleton bean 'jdbcTemplate'
2025-01-17T17:28:50.533-05:00 DEBUG 5509 --- [main] o.s.b.f.s.DefaultListableBeanFactory     : Creating shared instance of singleton bean 'spring.jdbc-org.springframework.boot.autoconfigure.jdbc.JdbcProperties'
2025-01-17T17:28:50.540-05:00 DEBUG 5509 --- [main] o.s.b.f.s.DefaultListableBeanFactory     : Autowiring by type from bean name 'jdbcTemplate' via factory method to bean named 'dataSource'
2025-01-17T17:28:50.543-05:00 DEBUG 5509 --- [main] o.s.b.f.s.DefaultListableBeanFactory     : Autowiring by type from bean name 'jdbcTemplate' via factory method to bean named 'spring.jdbc-org.springframework.boot.autoconfigure.jdbc.JdbcProperties'
2025-01-17T17:28:50.644-05:00 DEBUG 5509 --- [main] o.s.b.f.s.DefaultListableBeanFactory     : Creating shared instance of singleton bean 'org.springframework.boot.autoconfigure.jdbc.NamedParameterJdbcTemplateConfiguration'
2025-01-17T17:28:50.652-05:00 DEBUG 5509 --- [main] o.s.b.f.s.DefaultListableBeanFactory     : Creating shared instance of singleton bean 'namedParameterJdbcTemplate'
2025-01-17T17:28:50.653-05:00 DEBUG 5509 --- [main] o.s.b.f.s.DefaultListableBeanFactory     : Autowiring by type from bean name 'namedParameterJdbcTemplate' via factory method to bean named 'jdbcTemplate'
2025-01-17T17:28:50.683-05:00 DEBUG 5509 --- [main] o.s.b.f.s.DefaultListableBeanFactory     : Creating shared instance of singleton bean 'org.springframework.boot.autoconfigure.jdbc.JdbcTemplateAutoConfiguration'
2025-01-17T17:28:50.688-05:00 DEBUG 5509 --- [main] o.s.b.f.s.DefaultListableBeanFactory     : Creating shared instance of singleton bean 'org.springframework.boot.autoconfigure.jdbc.JdbcClientAutoConfiguration'
2025-01-17T17:28:50.689-05:00 DEBUG 5509 --- [main] o.s.b.f.s.DefaultListableBeanFactory     : Creating shared instance of singleton bean 'jdbcClient'
2025-01-17T17:28:50.695-05:00 DEBUG 5509 --- [main] o.s.b.f.s.DefaultListableBeanFactory     : Autowiring by type from bean name 'jdbcClient' via factory method to bean named 'namedParameterJdbcTemplate'
2025-01-17T17:28:50.705-05:00 DEBUG 5509 --- [main] o.s.b.f.s.DefaultListableBeanFactory     : Creating shared instance of singleton bean 'org.springframework.boot.autoconfigure.security.servlet.SpringBootWebSecurityConfiguration'
2025-01-17T17:28:50.709-05:00 DEBUG 5509 --- [main] o.s.b.f.s.DefaultListableBeanFactory     : Creating shared instance of singleton bean 'org.springframework.boot.autoconfigure.sql.init.SqlInitializationAutoConfiguration'
2025-01-17T17:28:50.714-05:00 DEBUG 5509 --- [main] o.s.b.f.s.DefaultListableBeanFactory     : Creating shared instance of singleton bean 'org.springframework.boot.autoconfigure.task.TaskSchedulingConfigurations$ThreadPoolTaskSchedulerBuilderConfiguration'
2025-01-17T17:28:50.716-05:00 DEBUG 5509 --- [main] o.s.b.f.s.DefaultListableBeanFactory     : Creating shared instance of singleton bean 'threadPoolTaskSchedulerBuilder'
2025-01-17T17:28:50.723-05:00 DEBUG 5509 --- [main] o.s.b.f.s.DefaultListableBeanFactory     : Creating shared instance of singleton bean 'spring.task.scheduling-org.springframework.boot.autoconfigure.task.TaskSchedulingProperties'
2025-01-17T17:28:50.736-05:00 DEBUG 5509 --- [main] o.s.b.f.s.DefaultListableBeanFactory     : Autowiring by type from bean name 'threadPoolTaskSchedulerBuilder' via factory method to bean named 'spring.task.scheduling-org.springframework.boot.autoconfigure.task.TaskSchedulingProperties'
2025-01-17T17:28:50.741-05:00 DEBUG 5509 --- [main] o.s.b.f.s.DefaultListableBeanFactory     : Creating shared instance of singleton bean 'org.springframework.boot.autoconfigure.task.TaskSchedulingConfigurations$SimpleAsyncTaskSchedulerBuilderConfiguration'
2025-01-17T17:28:50.749-05:00 DEBUG 5509 --- [main] o.s.b.f.s.DefaultListableBeanFactory     : Autowiring by type from bean name 'org.springframework.boot.autoconfigure.task.TaskSchedulingConfigurations$SimpleAsyncTaskSchedulerBuilderConfiguration' via constructor to bean named 'spring.task.scheduling-org.springframework.boot.autoconfigure.task.TaskSchedulingProperties'
2025-01-17T17:28:50.750-05:00 DEBUG 5509 --- [main] o.s.b.f.s.DefaultListableBeanFactory     : Creating shared instance of singleton bean 'simpleAsyncTaskSchedulerBuilder'
2025-01-17T17:28:50.773-05:00 DEBUG 5509 --- [main] o.s.b.f.s.DefaultListableBeanFactory     : Creating shared instance of singleton bean 'org.springframework.boot.autoconfigure.task.TaskSchedulingAutoConfiguration'
2025-01-17T17:28:50.779-05:00 DEBUG 5509 --- [main] o.s.b.f.s.DefaultListableBeanFactory     : Creating shared instance of singleton bean 'org.springframework.boot.autoconfigure.jdbc.DataSourceTransactionManagerAutoConfiguration$JdbcTransactionManagerConfiguration'
2025-01-17T17:28:50.796-05:00 DEBUG 5509 --- [main] o.s.b.f.s.DefaultListableBeanFactory     : Creating shared instance of singleton bean 'org.springframework.boot.autoconfigure.jdbc.DataSourceTransactionManagerAutoConfiguration'
2025-01-17T17:28:50.801-05:00 DEBUG 5509 --- [main] o.s.b.f.s.DefaultListableBeanFactory     : Creating shared instance of singleton bean 'org.springframework.boot.autoconfigure.transaction.TransactionAutoConfiguration$EnableTransactionManagementConfiguration$CglibAutoProxyConfiguration'
2025-01-17T17:28:50.802-05:00 DEBUG 5509 --- [main] o.s.b.f.s.DefaultListableBeanFactory     : Creating shared instance of singleton bean 'org.springframework.boot.autoconfigure.transaction.TransactionAutoConfiguration$EnableTransactionManagementConfiguration'
2025-01-17T17:28:50.806-05:00 DEBUG 5509 --- [main] o.s.b.f.s.DefaultListableBeanFactory     : Creating shared instance of singleton bean 'org.springframework.boot.autoconfigure.transaction.TransactionAutoConfiguration$TransactionTemplateConfiguration'
2025-01-17T17:28:50.811-05:00 DEBUG 5509 --- [main] o.s.b.f.s.DefaultListableBeanFactory     : Creating shared instance of singleton bean 'transactionTemplate'
2025-01-17T17:28:50.816-05:00 DEBUG 5509 --- [main] o.s.b.f.s.DefaultListableBeanFactory     : Autowiring by type from bean name 'transactionTemplate' via factory method to bean named 'transactionManager'
2025-01-17T17:28:50.821-05:00 DEBUG 5509 --- [main] o.s.b.f.s.DefaultListableBeanFactory     : Creating shared instance of singleton bean 'org.springframework.boot.autoconfigure.transaction.TransactionAutoConfiguration'
2025-01-17T17:28:50.828-05:00 DEBUG 5509 --- [main] o.s.b.f.s.DefaultListableBeanFactory     : Creating shared instance of singleton bean 'org.springframework.boot.autoconfigure.web.client.RestClientAutoConfiguration'
2025-01-17T17:28:50.829-05:00 DEBUG 5509 --- [main] o.s.b.f.s.DefaultListableBeanFactory     : Creating shared instance of singleton bean 'httpMessageConvertersRestClientCustomizer'
2025-01-17T17:28:50.838-05:00 DEBUG 5509 --- [main] o.s.b.f.s.DefaultListableBeanFactory     : Creating shared instance of singleton bean 'restClientSsl'
2025-01-17T17:28:50.846-05:00 DEBUG 5509 --- [main] o.s.b.f.s.DefaultListableBeanFactory     : Autowiring by type from bean name 'restClientSsl' via factory method to bean named 'sslBundleRegistry'
2025-01-17T17:28:50.851-05:00 DEBUG 5509 --- [main] o.s.b.f.s.DefaultListableBeanFactory     : Creating shared instance of singleton bean 'restClientBuilderConfigurer'
2025-01-17T17:28:50.858-05:00 DEBUG 5509 --- [main] o.s.b.f.s.DefaultListableBeanFactory     : Creating shared instance of singleton bean 'org.springframework.boot.autoconfigure.web.client.RestTemplateAutoConfiguration'
2025-01-17T17:28:50.859-05:00 DEBUG 5509 --- [main] o.s.b.f.s.DefaultListableBeanFactory     : Creating shared instance of singleton bean 'org.springframework.boot.autoconfigure.web.embedded.EmbeddedWebServerFactoryCustomizerAutoConfiguration'
2025-01-17T17:28:50.862-05:00 DEBUG 5509 --- [main] o.s.b.f.s.DefaultListableBeanFactory     : Creating shared instance of singleton bean 'multipartResolver'
2025-01-17T17:28:50.938-05:00 DEBUG 5509 --- [main] o.s.j.e.a.AnnotationMBeanExporter        : Registering beans for JMX exposure on startup
2025-01-17T17:28:50.938-05:00 DEBUG 5509 --- [main] o.s.j.e.a.AnnotationMBeanExporter        : Auto-detecting user-defined JMX MBeans
2025-01-17T17:28:50.945-05:00 DEBUG 5509 --- [main] o.s.j.e.a.AnnotationMBeanExporter        : Bean with name 'dataSource' has been autodetected for JMX exposure
2025-01-17T17:28:50.985-05:00 DEBUG 5509 --- [main] o.s.j.e.a.AnnotationMBeanExporter        : Located MBean 'dataSource': registering with JMX server as MBean [com.zaxxer.hikari:name=dataSource,type=HikariDataSource]
2025-01-17T17:28:51.023-05:00 DEBUG 5509 --- [main] o.s.c.support.DefaultLifecycleProcessor  : Starting beans in phase -2147483647
2025-01-17T17:28:51.024-05:00 DEBUG 5509 --- [main] o.s.c.support.DefaultLifecycleProcessor  : Successfully started bean 'springBootLoggingLifecycle'
2025-01-17T17:28:51.024-05:00 DEBUG 5509 --- [main] o.s.c.support.DefaultLifecycleProcessor  : Starting beans in phase 1073741823
2025-01-17T17:28:51.024-05:00 DEBUG 5509 --- [main] o.s.c.support.DefaultLifecycleProcessor  : Starting beans in phase 2147481599
2025-01-17T17:28:51.204-05:00  INFO 5509 --- [main] o.s.b.w.embedded.tomcat.TomcatWebServer  : Tomcat started on port 8080 (http) with context path '/'
2025-01-17T17:28:51.214-05:00 DEBUG 5509 --- [main] o.s.c.support.DefaultLifecycleProcessor  : Successfully started bean 'webServerStartStop'
2025-01-17T17:28:51.214-05:00 DEBUG 5509 --- [main] o.s.c.support.DefaultLifecycleProcessor  : Starting beans in phase 2147482623
2025-01-17T17:28:51.214-05:00 DEBUG 5509 --- [main] o.s.c.support.DefaultLifecycleProcessor  : Successfully started bean 'webServerGracefulShutdown'
2025-01-17T17:28:51.330-05:00 DEBUG 5509 --- [main] .s.b.a.l.ConditionEvaluationReportLogger : 


============================
CONDITIONS EVALUATION REPORT
============================


Positive matches:
-----------------

   AopAutoConfiguration matched:
      - @ConditionalOnProperty (spring.aop.auto=true) matched (OnPropertyCondition)

   AopAutoConfiguration.AspectJAutoProxyingConfiguration matched:
      - @ConditionalOnClass found required class 'org.aspectj.weaver.Advice' (OnClassCondition)

   AopAutoConfiguration.AspectJAutoProxyingConfiguration.CglibAutoProxyConfiguration matched:
      - @ConditionalOnProperty (spring.aop.proxy-target-class=true) matched (OnPropertyCondition)

   ApplicationAvailabilityAutoConfiguration#applicationAvailability matched:
      - @ConditionalOnMissingBean (types: org.springframework.boot.availability.ApplicationAvailability; SearchStrategy: all) did not find any beans (OnBeanCondition)

   DataSourceAutoConfiguration matched:
      - @ConditionalOnClass found required classes 'javax.sql.DataSource', 'org.springframework.jdbc.datasource.embedded.EmbeddedDatabaseType' (OnClassCondition)
      - @ConditionalOnMissingBean (types: io.r2dbc.spi.ConnectionFactory; SearchStrategy: all) did not find any beans (OnBeanCondition)

   DataSourceAutoConfiguration.PooledDataSourceConfiguration matched:
      - AnyNestedCondition 1 matched 1 did not; NestedCondition on DataSourceAutoConfiguration.PooledDataSourceCondition.PooledDataSourceAvailable PooledDataSource found supported DataSource; NestedCondition on DataSourceAutoConfiguration.PooledDataSourceCondition.ExplicitType @ConditionalOnProperty (spring.datasource.type) did not find property 'type' (DataSourceAutoConfiguration.PooledDataSourceCondition)
      - @ConditionalOnMissingBean (types: javax.sql.DataSource,javax.sql.XADataSource; SearchStrategy: all) did not find any beans (OnBeanCondition)

   DataSourceAutoConfiguration.PooledDataSourceConfiguration#jdbcConnectionDetails matched:
      - @ConditionalOnMissingBean (types: org.springframework.boot.autoconfigure.jdbc.JdbcConnectionDetails; SearchStrategy: all) did not find any beans (OnBeanCondition)

   DataSourceConfiguration.Hikari matched:
      - @ConditionalOnClass found required class 'com.zaxxer.hikari.HikariDataSource' (OnClassCondition)
      - @ConditionalOnProperty (spring.datasource.type=com.zaxxer.hikari.HikariDataSource) matched (OnPropertyCondition)
      - @ConditionalOnMissingBean (types: javax.sql.DataSource; SearchStrategy: all) did not find any beans (OnBeanCondition)

   DataSourceInitializationConfiguration matched:
      - @ConditionalOnClass found required class 'org.springframework.jdbc.datasource.init.DatabasePopulator' (OnClassCondition)
      - @ConditionalOnSingleCandidate (types: javax.sql.DataSource; SearchStrategy: all) found a single bean 'dataSource'; @ConditionalOnMissingBean (types: org.springframework.boot.autoconfigure.sql.init.SqlDataSourceScriptDatabaseInitializer,org.springframework.boot.autoconfigure.sql.init.SqlR2dbcScriptDatabaseInitializer; SearchStrategy: all) did not find any beans (OnBeanCondition)

   DataSourceJmxConfiguration matched:
      - @ConditionalOnProperty (spring.jmx.enabled=true) matched (OnPropertyCondition)

   DataSourceJmxConfiguration.Hikari matched:
      - @ConditionalOnClass found required class 'com.zaxxer.hikari.HikariDataSource' (OnClassCondition)
      - @ConditionalOnSingleCandidate (types: javax.sql.DataSource; SearchStrategy: all) found a single bean 'dataSource' (OnBeanCondition)

   DataSourcePoolMetadataProvidersConfiguration.HikariPoolDataSourceMetadataProviderConfiguration matched:
      - @ConditionalOnClass found required class 'com.zaxxer.hikari.HikariDataSource' (OnClassCondition)

   DataSourceTransactionManagerAutoConfiguration matched:
      - @ConditionalOnClass found required classes 'javax.sql.DataSource', 'org.springframework.jdbc.core.JdbcTemplate', 'org.springframework.transaction.TransactionManager' (OnClassCondition)

   DataSourceTransactionManagerAutoConfiguration.JdbcTransactionManagerConfiguration matched:
      - @ConditionalOnSingleCandidate (types: javax.sql.DataSource; SearchStrategy: all) found a single bean 'dataSource' (OnBeanCondition)

   DispatcherServletAutoConfiguration matched:
      - @ConditionalOnClass found required class 'org.springframework.web.servlet.DispatcherServlet' (OnClassCondition)
      - found 'session' scope (OnWebApplicationCondition)

   DispatcherServletAutoConfiguration.DispatcherServletConfiguration matched:
      - @ConditionalOnClass found required class 'jakarta.servlet.ServletRegistration' (OnClassCondition)
      - Default DispatcherServlet did not find dispatcher servlet beans (DispatcherServletAutoConfiguration.DefaultDispatcherServletCondition)

   DispatcherServletAutoConfiguration.DispatcherServletRegistrationConfiguration matched:
      - @ConditionalOnClass found required class 'jakarta.servlet.ServletRegistration' (OnClassCondition)
      - DispatcherServlet Registration did not find servlet registration bean (DispatcherServletAutoConfiguration.DispatcherServletRegistrationCondition)

   DispatcherServletAutoConfiguration.DispatcherServletRegistrationConfiguration#dispatcherServletRegistration matched:
      - @ConditionalOnBean (names: dispatcherServlet types: org.springframework.web.servlet.DispatcherServlet; SearchStrategy: all) found bean 'dispatcherServlet' (OnBeanCondition)

   EmbeddedWebServerFactoryCustomizerAutoConfiguration matched:
      - @ConditionalOnWebApplication (required) found 'session' scope (OnWebApplicationCondition)
      - @ConditionalOnWarDeployment the application is not deployed as a WAR file. (OnWarDeploymentCondition)

   EmbeddedWebServerFactoryCustomizerAutoConfiguration.TomcatWebServerFactoryCustomizerConfiguration matched:
      - @ConditionalOnClass found required classes 'org.apache.catalina.startup.Tomcat', 'org.apache.coyote.UpgradeProtocol' (OnClassCondition)

   ErrorMvcAutoConfiguration matched:
      - @ConditionalOnClass found required classes 'jakarta.servlet.Servlet', 'org.springframework.web.servlet.DispatcherServlet' (OnClassCondition)
      - found 'session' scope (OnWebApplicationCondition)

   ErrorMvcAutoConfiguration#basicErrorController matched:
      - @ConditionalOnMissingBean (types: org.springframework.boot.web.servlet.error.ErrorController; SearchStrategy: current) did not find any beans (OnBeanCondition)

   ErrorMvcAutoConfiguration#errorAttributes matched:
      - @ConditionalOnMissingBean (types: org.springframework.boot.web.servlet.error.ErrorAttributes; SearchStrategy: current) did not find any beans (OnBeanCondition)

   ErrorMvcAutoConfiguration.DefaultErrorViewResolverConfiguration#conventionErrorViewResolver matched:
      - @ConditionalOnBean (types: org.springframework.web.servlet.DispatcherServlet; SearchStrategy: all) found bean 'dispatcherServlet'; @ConditionalOnMissingBean (types: org.springframework.boot.autoconfigure.web.servlet.error.ErrorViewResolver; SearchStrategy: all) did not find any beans (OnBeanCondition)

   ErrorMvcAutoConfiguration.WhitelabelErrorViewConfiguration matched:
      - @ConditionalOnProperty (server.error.whitelabel.enabled) matched (OnPropertyCondition)
      - ErrorTemplate Missing did not find error template view (ErrorMvcAutoConfiguration.ErrorTemplateMissingCondition)

   ErrorMvcAutoConfiguration.WhitelabelErrorViewConfiguration#beanNameViewResolver matched:
      - @ConditionalOnMissingBean (types: org.springframework.web.servlet.view.BeanNameViewResolver; SearchStrategy: all) did not find any beans (OnBeanCondition)

   ErrorMvcAutoConfiguration.WhitelabelErrorViewConfiguration#defaultErrorView matched:
      - @ConditionalOnMissingBean (names: error; SearchStrategy: all) did not find any beans (OnBeanCondition)

   GenericCacheConfiguration matched:
      - Cache org.springframework.boot.autoconfigure.cache.GenericCacheConfiguration automatic cache type (CacheCondition)

   HibernateJpaAutoConfiguration matched:
      - @ConditionalOnClass found required classes 'org.springframework.orm.jpa.LocalContainerEntityManagerFactoryBean', 'jakarta.persistence.EntityManager', 'org.hibernate.engine.spi.SessionImplementor' (OnClassCondition)

   HibernateJpaConfiguration matched:
      - @ConditionalOnSingleCandidate (types: javax.sql.DataSource; SearchStrategy: all) found a single bean 'dataSource' (OnBeanCondition)

   HttpClientAutoConfiguration matched:
      - @ConditionalOnClass found required class 'org.springframework.http.client.ClientHttpRequestFactory' (OnClassCondition)
      - NoneNestedConditions 0 matched 1 did not; NestedCondition on NotReactiveWebApplicationCondition.ReactiveWebApplication did not find reactive web application classes (NotReactiveWebApplicationCondition)

   HttpClientAutoConfiguration#clientHttpRequestFactoryBuilder matched:
      - @ConditionalOnMissingBean (types: org.springframework.boot.http.client.ClientHttpRequestFactoryBuilder; SearchStrategy: all) did not find any beans (OnBeanCondition)

   HttpClientAutoConfiguration#clientHttpRequestFactorySettings matched:
      - @ConditionalOnMissingBean (types: org.springframework.boot.http.client.ClientHttpRequestFactorySettings; SearchStrategy: all) did not find any beans (OnBeanCondition)

   HttpEncodingAutoConfiguration matched:
      - @ConditionalOnClass found required class 'org.springframework.web.filter.CharacterEncodingFilter' (OnClassCondition)
      - found 'session' scope (OnWebApplicationCondition)
      - @ConditionalOnProperty (server.servlet.encoding.enabled) matched (OnPropertyCondition)

   HttpEncodingAutoConfiguration#characterEncodingFilter matched:
      - @ConditionalOnMissingBean (types: org.springframework.web.filter.CharacterEncodingFilter; SearchStrategy: all) did not find any beans (OnBeanCondition)

   HttpMessageConvertersAutoConfiguration matched:
      - @ConditionalOnClass found required class 'org.springframework.http.converter.HttpMessageConverter' (OnClassCondition)
      - NoneNestedConditions 0 matched 1 did not; NestedCondition on HttpMessageConvertersAutoConfiguration.NotReactiveWebApplicationCondition.ReactiveWebApplication did not find reactive web application classes (HttpMessageConvertersAutoConfiguration.NotReactiveWebApplicationCondition)

   HttpMessageConvertersAutoConfiguration#messageConverters matched:
      - @ConditionalOnMissingBean (types: org.springframework.boot.autoconfigure.http.HttpMessageConverters; SearchStrategy: all) did not find any beans (OnBeanCondition)

   HttpMessageConvertersAutoConfiguration.StringHttpMessageConverterConfiguration matched:
      - @ConditionalOnClass found required class 'org.springframework.http.converter.StringHttpMessageConverter' (OnClassCondition)

   HttpMessageConvertersAutoConfiguration.StringHttpMessageConverterConfiguration#stringHttpMessageConverter matched:
      - @ConditionalOnMissingBean (types: org.springframework.http.converter.StringHttpMessageConverter; SearchStrategy: all) did not find any beans (OnBeanCondition)

   JacksonAutoConfiguration matched:
      - @ConditionalOnClass found required class 'com.fasterxml.jackson.databind.ObjectMapper' (OnClassCondition)

   JacksonAutoConfiguration.Jackson2ObjectMapperBuilderCustomizerConfiguration matched:
      - @ConditionalOnClass found required class 'org.springframework.http.converter.json.Jackson2ObjectMapperBuilder' (OnClassCondition)

   JacksonAutoConfiguration.JacksonObjectMapperBuilderConfiguration matched:
      - @ConditionalOnClass found required class 'org.springframework.http.converter.json.Jackson2ObjectMapperBuilder' (OnClassCondition)

   JacksonAutoConfiguration.JacksonObjectMapperBuilderConfiguration#jacksonObjectMapperBuilder matched:
      - @ConditionalOnMissingBean (types: org.springframework.http.converter.json.Jackson2ObjectMapperBuilder; SearchStrategy: all) did not find any beans (OnBeanCondition)

   JacksonAutoConfiguration.JacksonObjectMapperConfiguration matched:
      - @ConditionalOnClass found required class 'org.springframework.http.converter.json.Jackson2ObjectMapperBuilder' (OnClassCondition)

   JacksonAutoConfiguration.JacksonObjectMapperConfiguration#jacksonObjectMapper matched:
      - @ConditionalOnMissingBean (types: com.fasterxml.jackson.databind.ObjectMapper; SearchStrategy: all) did not find any beans (OnBeanCondition)

   JacksonAutoConfiguration.ParameterNamesModuleConfiguration matched:
      - @ConditionalOnClass found required class 'com.fasterxml.jackson.module.paramnames.ParameterNamesModule' (OnClassCondition)

   JacksonAutoConfiguration.ParameterNamesModuleConfiguration#parameterNamesModule matched:
      - @ConditionalOnMissingBean (types: com.fasterxml.jackson.module.paramnames.ParameterNamesModule; SearchStrategy: all) did not find any beans (OnBeanCondition)

   JacksonHttpMessageConvertersConfiguration.MappingJackson2HttpMessageConverterConfiguration matched:
      - @ConditionalOnClass found required class 'com.fasterxml.jackson.databind.ObjectMapper' (OnClassCondition)
      - @ConditionalOnProperty (spring.mvc.converters.preferred-json-mapper=jackson) matched (OnPropertyCondition)
      - @ConditionalOnBean (types: com.fasterxml.jackson.databind.ObjectMapper; SearchStrategy: all) found bean 'jacksonObjectMapper' (OnBeanCondition)

   JacksonHttpMessageConvertersConfiguration.MappingJackson2HttpMessageConverterConfiguration#mappingJackson2HttpMessageConverter matched:
      - @ConditionalOnMissingBean (types: org.springframework.http.converter.json.MappingJackson2HttpMessageConverter ignored: org.springframework.hateoas.server.mvc.TypeConstrainedMappingJackson2HttpMessageConverter,org.springframework.data.rest.webmvc.alps.AlpsJsonHttpMessageConverter; SearchStrategy: all) did not find any beans (OnBeanCondition)

   JdbcClientAutoConfiguration matched:
      - @ConditionalOnSingleCandidate (types: org.springframework.jdbc.core.namedparam.NamedParameterJdbcTemplate; SearchStrategy: all) found a single bean 'namedParameterJdbcTemplate'; @ConditionalOnMissingBean (types: org.springframework.jdbc.core.simple.JdbcClient; SearchStrategy: all) did not find any beans (OnBeanCondition)

   JdbcTemplateAutoConfiguration matched:
      - @ConditionalOnClass found required classes 'javax.sql.DataSource', 'org.springframework.jdbc.core.JdbcTemplate' (OnClassCondition)
      - @ConditionalOnSingleCandidate (types: javax.sql.DataSource; SearchStrategy: all) found a single bean 'dataSource' (OnBeanCondition)

   JdbcTemplateConfiguration matched:
      - @ConditionalOnMissingBean (types: org.springframework.jdbc.core.JdbcOperations; SearchStrategy: all) did not find any beans (OnBeanCondition)

   JmxAutoConfiguration matched:
      - @ConditionalOnClass found required class 'org.springframework.jmx.export.MBeanExporter' (OnClassCondition)
      - @ConditionalOnProperty (spring.jmx.enabled=true) matched (OnPropertyCondition)

   JmxAutoConfiguration#mbeanExporter matched:
      - @ConditionalOnMissingBean (types: org.springframework.jmx.export.MBeanExporter; SearchStrategy: current) did not find any beans (OnBeanCondition)

   JmxAutoConfiguration#mbeanServer matched:
      - @ConditionalOnMissingBean (types: javax.management.MBeanServer; SearchStrategy: all) did not find any beans (OnBeanCondition)

   JmxAutoConfiguration#objectNamingStrategy matched:
      - @ConditionalOnMissingBean (types: org.springframework.jmx.export.naming.ObjectNamingStrategy; SearchStrategy: current) did not find any beans (OnBeanCondition)

   JpaBaseConfiguration#entityManagerFactory matched:
      - @ConditionalOnMissingBean (types: org.springframework.orm.jpa.LocalContainerEntityManagerFactoryBean,jakarta.persistence.EntityManagerFactory; SearchStrategy: all) did not find any beans (OnBeanCondition)

   JpaBaseConfiguration#entityManagerFactoryBuilder matched:
      - @ConditionalOnMissingBean (types: org.springframework.boot.orm.jpa.EntityManagerFactoryBuilder; SearchStrategy: all) did not find any beans (OnBeanCondition)

   JpaBaseConfiguration#jpaVendorAdapter matched:
      - @ConditionalOnMissingBean (types: org.springframework.orm.jpa.JpaVendorAdapter; SearchStrategy: all) did not find any beans (OnBeanCondition)

   JpaBaseConfiguration#transactionManager matched:
      - @ConditionalOnMissingBean (types: org.springframework.transaction.TransactionManager; SearchStrategy: all) did not find any beans (OnBeanCondition)

   JpaBaseConfiguration.JpaWebConfiguration matched:
      - @ConditionalOnClass found required class 'org.springframework.web.servlet.config.annotation.WebMvcConfigurer' (OnClassCondition)
      - found 'session' scope (OnWebApplicationCondition)
      - @ConditionalOnProperty (spring.jpa.open-in-view=true) matched (OnPropertyCondition)
      - @ConditionalOnMissingBean (types: org.springframework.orm.jpa.support.OpenEntityManagerInViewInterceptor,org.springframework.orm.jpa.support.OpenEntityManagerInViewFilter; SearchStrategy: all) did not find any beans (OnBeanCondition)

   JpaBaseConfiguration.PersistenceManagedTypesConfiguration matched:
      - @ConditionalOnMissingBean (types: org.springframework.orm.jpa.LocalContainerEntityManagerFactoryBean,jakarta.persistence.EntityManagerFactory; SearchStrategy: all) did not find any beans (OnBeanCondition)

   JpaBaseConfiguration.PersistenceManagedTypesConfiguration#persistenceManagedTypes matched:
      - @ConditionalOnMissingBean (types: org.springframework.orm.jpa.persistenceunit.PersistenceManagedTypes; SearchStrategy: all) did not find any beans (OnBeanCondition)

   JpaRepositoriesAutoConfiguration matched:
      - @ConditionalOnClass found required class 'org.springframework.data.jpa.repository.JpaRepository' (OnClassCondition)
      - @ConditionalOnProperty (spring.data.jpa.repositories.enabled=true) matched (OnPropertyCondition)
      - @ConditionalOnBean (types: javax.sql.DataSource; SearchStrategy: all) found bean 'dataSource'; @ConditionalOnMissingBean (types: org.springframework.data.jpa.repository.support.JpaRepositoryFactoryBean,org.springframework.data.jpa.repository.config.JpaRepositoryConfigExtension; SearchStrategy: all) did not find any beans (OnBeanCondition)

   JtaAutoConfiguration matched:
      - @ConditionalOnClass found required class 'jakarta.transaction.Transaction' (OnClassCondition)
      - @ConditionalOnProperty (spring.jta.enabled) matched (OnPropertyCondition)

   LifecycleAutoConfiguration#defaultLifecycleProcessor matched:
      - @ConditionalOnMissingBean (names: lifecycleProcessor; SearchStrategy: current) did not find any beans (OnBeanCondition)

   MultipartAutoConfiguration matched:
      - @ConditionalOnClass found required classes 'jakarta.servlet.Servlet', 'org.springframework.web.multipart.support.StandardServletMultipartResolver', 'jakarta.servlet.MultipartConfigElement' (OnClassCondition)
      - found 'session' scope (OnWebApplicationCondition)
      - @ConditionalOnProperty (spring.servlet.multipart.enabled) matched (OnPropertyCondition)

   MultipartAutoConfiguration#multipartConfigElement matched:
      - @ConditionalOnMissingBean (types: jakarta.servlet.MultipartConfigElement; SearchStrategy: all) did not find any beans (OnBeanCondition)

   MultipartAutoConfiguration#multipartResolver matched:
      - @ConditionalOnMissingBean (types: org.springframework.web.multipart.MultipartResolver; SearchStrategy: all) did not find any beans (OnBeanCondition)

   NamedParameterJdbcTemplateConfiguration matched:
      - @ConditionalOnSingleCandidate (types: org.springframework.jdbc.core.JdbcTemplate; SearchStrategy: all) found a single bean 'jdbcTemplate'; @ConditionalOnMissingBean (types: org.springframework.jdbc.core.namedparam.NamedParameterJdbcOperations; SearchStrategy: all) did not find any beans (OnBeanCondition)

   NoOpCacheConfiguration matched:
      - Cache org.springframework.boot.autoconfigure.cache.NoOpCacheConfiguration automatic cache type (CacheCondition)

   PersistenceExceptionTranslationAutoConfiguration matched:
      - @ConditionalOnClass found required class 'org.springframework.dao.annotation.PersistenceExceptionTranslationPostProcessor' (OnClassCondition)

   PersistenceExceptionTranslationAutoConfiguration#persistenceExceptionTranslationPostProcessor matched:
      - @ConditionalOnProperty (spring.dao.exceptiontranslation.enabled) matched (OnPropertyCondition)
      - @ConditionalOnMissingBean (types: org.springframework.dao.annotation.PersistenceExceptionTranslationPostProcessor; SearchStrategy: all) did not find any beans (OnBeanCondition)

   PropertyPlaceholderAutoConfiguration#propertySourcesPlaceholderConfigurer matched:
      - @ConditionalOnMissingBean (types: org.springframework.context.support.PropertySourcesPlaceholderConfigurer; SearchStrategy: current) did not find any beans (OnBeanCondition)

   RestClientAutoConfiguration matched:
      - @ConditionalOnClass found required class 'org.springframework.web.client.RestClient' (OnClassCondition)
      - NoneNestedConditions 0 matched 1 did not; NestedCondition on NotReactiveWebApplicationCondition.ReactiveWebApplication did not find reactive web application classes (NotReactiveWebApplicationCondition)

   RestClientAutoConfiguration#httpMessageConvertersRestClientCustomizer matched:
      - @ConditionalOnMissingBean (types: org.springframework.boot.autoconfigure.web.client.HttpMessageConvertersRestClientCustomizer; SearchStrategy: all) did not find any beans (OnBeanCondition)

   RestClientAutoConfiguration#restClientBuilder matched:
      - @ConditionalOnMissingBean (types: org.springframework.web.client.RestClient$Builder; SearchStrategy: all) did not find any beans (OnBeanCondition)

   RestClientAutoConfiguration#restClientBuilderConfigurer matched:
      - @ConditionalOnMissingBean (types: org.springframework.boot.autoconfigure.web.client.RestClientBuilderConfigurer; SearchStrategy: all) did not find any beans (OnBeanCondition)

   RestClientAutoConfiguration#restClientSsl matched:
      - @ConditionalOnBean (types: org.springframework.boot.ssl.SslBundles; SearchStrategy: all) found bean 'sslBundleRegistry'; @ConditionalOnMissingBean (types: org.springframework.boot.autoconfigure.web.client.RestClientSsl; SearchStrategy: all) did not find any beans (OnBeanCondition)

   RestTemplateAutoConfiguration matched:
      - @ConditionalOnClass found required class 'org.springframework.web.client.RestTemplate' (OnClassCondition)
      - NoneNestedConditions 0 matched 1 did not; NestedCondition on NotReactiveWebApplicationCondition.ReactiveWebApplication did not find reactive web application classes (NotReactiveWebApplicationCondition)

   RestTemplateAutoConfiguration#restTemplateBuilder matched:
      - @ConditionalOnMissingBean (types: org.springframework.boot.web.client.RestTemplateBuilder; SearchStrategy: all) did not find any beans (OnBeanCondition)

   SecurityAutoConfiguration matched:
      - @ConditionalOnClass found required class 'org.springframework.security.authentication.DefaultAuthenticationEventPublisher' (OnClassCondition)

   SecurityAutoConfiguration#authenticationEventPublisher matched:
      - @ConditionalOnMissingBean (types: org.springframework.security.authentication.AuthenticationEventPublisher; SearchStrategy: all) did not find any beans (OnBeanCondition)

   SecurityFilterAutoConfiguration matched:
      - @ConditionalOnClass found required classes 'org.springframework.security.web.context.AbstractSecurityWebApplicationInitializer', 'org.springframework.security.config.http.SessionCreationPolicy' (OnClassCondition)
      - found 'session' scope (OnWebApplicationCondition)

   SecurityFilterAutoConfiguration#securityFilterChainRegistration matched:
      - @ConditionalOnBean (names: springSecurityFilterChain; SearchStrategy: all) found bean 'springSecurityFilterChain' (OnBeanCondition)

   ServletWebServerFactoryAutoConfiguration matched:
      - @ConditionalOnClass found required class 'jakarta.servlet.ServletRequest' (OnClassCondition)
      - found 'session' scope (OnWebApplicationCondition)

   ServletWebServerFactoryAutoConfiguration#tomcatServletWebServerFactoryCustomizer matched:
      - @ConditionalOnClass found required class 'org.apache.catalina.startup.Tomcat' (OnClassCondition)

   ServletWebServerFactoryConfiguration.EmbeddedTomcat matched:
      - @ConditionalOnClass found required classes 'jakarta.servlet.Servlet', 'org.apache.catalina.startup.Tomcat', 'org.apache.coyote.UpgradeProtocol' (OnClassCondition)
      - @ConditionalOnMissingBean (types: org.springframework.boot.web.servlet.server.ServletWebServerFactory; SearchStrategy: current) did not find any beans (OnBeanCondition)

   SimpleCacheConfiguration matched:
      - Cache org.springframework.boot.autoconfigure.cache.SimpleCacheConfiguration automatic cache type (CacheCondition)

   SpringApplicationAdminJmxAutoConfiguration matched:
      - @ConditionalOnProperty (spring.application.admin.enabled=true) matched (OnPropertyCondition)

   SpringApplicationAdminJmxAutoConfiguration#springApplicationAdminRegistrar matched:
      - @ConditionalOnMissingBean (types: org.springframework.boot.admin.SpringApplicationAdminMXBeanRegistrar; SearchStrategy: all) did not find any beans (OnBeanCondition)

   SpringBootWebSecurityConfiguration matched:
      - found 'session' scope (OnWebApplicationCondition)

   SpringDataWebAutoConfiguration matched:
      - @ConditionalOnClass found required classes 'org.springframework.data.web.PageableHandlerMethodArgumentResolver', 'org.springframework.web.servlet.config.annotation.WebMvcConfigurer' (OnClassCondition)
      - found 'session' scope (OnWebApplicationCondition)
      - @ConditionalOnMissingBean (types: org.springframework.data.web.PageableHandlerMethodArgumentResolver; SearchStrategy: all) did not find any beans (OnBeanCondition)

   SpringDataWebAutoConfiguration#pageableCustomizer matched:
      - @ConditionalOnMissingBean (types: org.springframework.data.web.config.PageableHandlerMethodArgumentResolverCustomizer; SearchStrategy: all) did not find any beans (OnBeanCondition)

   SpringDataWebAutoConfiguration#sortCustomizer matched:
      - @ConditionalOnMissingBean (types: org.springframework.data.web.config.SortHandlerMethodArgumentResolverCustomizer; SearchStrategy: all) did not find any beans (OnBeanCondition)

   SpringDataWebAutoConfiguration#springDataWebSettings matched:
      - @ConditionalOnMissingBean (types: org.springframework.data.web.config.SpringDataWebSettings; SearchStrategy: all) did not find any beans (OnBeanCondition)

   SpringDocConfigProperties matched:
      - @ConditionalOnProperty (springdoc.api-docs.enabled) matched (OnPropertyCondition)
      - @ConditionalOnBean (types: org.springdoc.core.configuration.SpringDocConfiguration; SearchStrategy: all) found bean 'org.springdoc.core.configuration.SpringDocConfiguration' (OnBeanCondition)

   SpringDocConfiguration matched:
      - @ConditionalOnWebApplication (required) found 'session' scope (OnWebApplicationCondition)
      - @ConditionalOnProperty (springdoc.api-docs.enabled) matched (OnPropertyCondition)

   SpringDocConfiguration#fileSupportConverter matched:
      - @ConditionalOnMissingBean (types: org.springdoc.core.converters.FileSupportConverter; SearchStrategy: all) did not find any beans (OnBeanCondition)

   SpringDocConfiguration#globalOpenApiCustomizer matched:
      - @ConditionalOnMissingBean (types: org.springdoc.core.customizers.GlobalOpenApiCustomizer; SearchStrategy: all) did not find any beans (OnBeanCondition)

   SpringDocConfiguration#openAPIBuilder matched:
      - @ConditionalOnMissingBean (types: org.springdoc.core.service.OpenAPIService; SearchStrategy: all) did not find any beans (OnBeanCondition)

   SpringDocConfiguration#operationBuilder matched:
      - @ConditionalOnMissingBean (types: org.springdoc.core.service.OperationService; SearchStrategy: all) did not find any beans (OnBeanCondition)

   SpringDocConfiguration#parameterBuilder matched:
      - @ConditionalOnMissingBean (types: org.springdoc.core.service.GenericParameterService; SearchStrategy: all) did not find any beans (OnBeanCondition)

   SpringDocConfiguration#parameterObjectNamingStrategyCustomizer matched:
      - @ConditionalOnMissingBean (types: org.springdoc.core.customizers.ParameterObjectNamingStrategyCustomizer; SearchStrategy: all) did not find any beans (OnBeanCondition)

   SpringDocConfiguration#polymorphicModelConverter matched:
      - @ConditionalOnProperty (springdoc.model-converters.polymorphic-converter.enabled) matched (OnPropertyCondition)
      - @ConditionalOnMissingBean (types: org.springdoc.core.converters.PolymorphicModelConverter; SearchStrategy: all) did not find any beans (OnBeanCondition)

   SpringDocConfiguration#requestBodyBuilder matched:
      - @ConditionalOnMissingBean (types: org.springdoc.core.service.RequestBodyService; SearchStrategy: all) did not find any beans (OnBeanCondition)

   SpringDocConfiguration#responseSupportConverter matched:
      - @ConditionalOnMissingBean (types: org.springdoc.core.converters.ResponseSupportConverter; SearchStrategy: all) did not find any beans (OnBeanCondition)

   SpringDocConfiguration#schemaPropertyDeprecatingConverter matched:
      - @ConditionalOnProperty (springdoc.model-converters.deprecating-converter.enabled) matched (OnPropertyCondition)
      - @ConditionalOnMissingBean (types: org.springdoc.core.converters.SchemaPropertyDeprecatingConverter; SearchStrategy: all) did not find any beans (OnBeanCondition)

   SpringDocConfiguration#securityParser matched:
      - @ConditionalOnMissingBean (types: org.springdoc.core.service.SecurityService; SearchStrategy: all) did not find any beans (OnBeanCondition)

   SpringDocConfiguration#springDocCustomizers matched:
      - @ConditionalOnMissingBean (types: org.springdoc.core.customizers.SpringDocCustomizers; SearchStrategy: all) did not find any beans (OnBeanCondition)

   SpringDocConfiguration#springDocProviders matched:
      - @ConditionalOnMissingBean (types: org.springdoc.core.providers.SpringDocProviders; SearchStrategy: all) did not find any beans (OnBeanCondition)

   SpringDocConfiguration#springdocObjectMapperProvider matched:
      - @ConditionalOnMissingBean (types: org.springdoc.core.providers.ObjectMapperProvider; SearchStrategy: all) did not find any beans (OnBeanCondition)

   SpringDocConfiguration.QuerydslProvider matched:
      - @ConditionalOnClass found required class 'org.springframework.data.querydsl.binding.QuerydslBindingsFactory' (OnClassCondition)

   SpringDocConfiguration.QuerydslProvider#queryDslQuerydslPredicateOperationCustomizer matched:
      - @ConditionalOnMissingBean (types: org.springdoc.core.customizers.QuerydslPredicateOperationCustomizer; SearchStrategy: all) did not find any beans (OnBeanCondition)

   SpringDocConfiguration.SpringDocSpringDataWebPropertiesProvider matched:
      - @ConditionalOnClass found required class 'org.springframework.boot.autoconfigure.data.web.SpringDataWebProperties' (OnClassCondition)

   SpringDocConfiguration.SpringDocSpringDataWebPropertiesProvider#springDataWebPropertiesProvider matched:
      - @ConditionalOnMissingBean (types: org.springdoc.core.providers.SpringDataWebPropertiesProvider; SearchStrategy: all) did not find any beans (OnBeanCondition)

   SpringDocConfiguration.WebConversionServiceConfiguration matched:
      - @ConditionalOnClass found required class 'org.springframework.boot.autoconfigure.web.format.WebConversionService' (OnClassCondition)

   SpringDocPageableConfiguration matched:
      - @ConditionalOnClass found required class 'org.springframework.data.domain.Pageable' (OnClassCondition)
      - @ConditionalOnWebApplication (required) found 'session' scope (OnWebApplicationCondition)
      - @ConditionalOnProperty (springdoc.api-docs.enabled) matched (OnPropertyCondition)
      - @ConditionalOnBean (types: org.springdoc.core.configuration.SpringDocConfiguration; SearchStrategy: all) found bean 'org.springdoc.core.configuration.SpringDocConfiguration' (OnBeanCondition)

   SpringDocPageableConfiguration#dataRestDelegatingMethodParameterCustomizer matched:
      - @ConditionalOnMissingBean (types: org.springdoc.core.customizers.DataRestDelegatingMethodParameterCustomizer; SearchStrategy: all) did not find any beans (OnBeanCondition)

   SpringDocPageableConfiguration#pageOpenAPIConverter matched:
      - @ConditionalOnClass found required classes 'org.springframework.data.web.PagedModel', 'org.springframework.data.web.config.SpringDataWebSettings' (OnClassCondition)
      - @ConditionalOnMissingBean (types: org.springdoc.core.converters.PageOpenAPIConverter; SearchStrategy: all) did not find any beans (OnBeanCondition)

   SpringDocPageableConfiguration#pageableOpenAPIConverter matched:
      - @ConditionalOnProperty (springdoc.model-converters.pageable-converter.enabled) matched (OnPropertyCondition)
      - @ConditionalOnMissingBean (types: org.springdoc.core.converters.PageableOpenAPIConverter; SearchStrategy: all) did not find any beans (OnBeanCondition)

   SpringDocSecurityConfiguration matched:
      - @ConditionalOnClass found required class 'org.springframework.security.web.SecurityFilterChain' (OnClassCondition)
      - @ConditionalOnWebApplication (required) found 'session' scope (OnWebApplicationCondition)
      - @ConditionalOnExpression (#{${springdoc.api-docs.enabled:true} and ${springdoc.enable-spring-security:true}}) resulted in true (OnExpressionCondition)
      - @ConditionalOnBean (types: org.springdoc.core.configuration.SpringDocConfiguration; SearchStrategy: all) found bean 'org.springdoc.core.configuration.SpringDocConfiguration' (OnBeanCondition)

   SpringDocSecurityConfiguration.SpringSecurityLoginEndpointConfiguration matched:
      - @ConditionalOnClass found required class 'jakarta.servlet.Filter' (OnClassCondition)

   SpringDocSortConfiguration matched:
      - @ConditionalOnClass found required class 'org.springframework.data.domain.Sort' (OnClassCondition)
      - @ConditionalOnWebApplication (required) found 'session' scope (OnWebApplicationCondition)
      - @ConditionalOnProperty (springdoc.api-docs.enabled) matched (OnPropertyCondition)
      - @ConditionalOnBean (types: org.springdoc.core.configuration.SpringDocConfiguration; SearchStrategy: all) found bean 'org.springdoc.core.configuration.SpringDocConfiguration' (OnBeanCondition)

   SpringDocSortConfiguration#sortOpenAPIConverter matched:
      - @ConditionalOnProperty (springdoc.sort-converter.enabled) matched (OnPropertyCondition)
      - @ConditionalOnMissingBean (types: org.springdoc.core.converters.SortOpenAPIConverter; SearchStrategy: all) did not find any beans (OnBeanCondition)

   SpringDocUIConfiguration matched:
      - @ConditionalOnWebApplication (required) found 'session' scope (OnWebApplicationCondition)
      - @ConditionalOnBean (types: org.springdoc.core.configuration.SpringDocConfiguration; SearchStrategy: all) found bean 'org.springdoc.core.configuration.SpringDocConfiguration' (OnBeanCondition)

   SpringDocWebMvcConfiguration matched:
      - found 'session' scope (OnWebApplicationCondition)
      - @ConditionalOnProperty (springdoc.api-docs.enabled) matched (OnPropertyCondition)
      - @ConditionalOnBean (types: org.springdoc.core.configuration.SpringDocConfiguration; SearchStrategy: all) found bean 'org.springdoc.core.configuration.SpringDocConfiguration' (OnBeanCondition)

   SpringDocWebMvcConfiguration#openApiResource matched:
      - @ConditionalOnExpression (#{(${springdoc.use-management-port:false} == false ) and ${springdoc.enable-default-api-docs:true}}) resulted in true (OnExpressionCondition)
      - @ConditionalOnMissingBean (types: org.springdoc.webmvc.api.OpenApiWebMvcResource; SearchStrategy: all) did not find any beans (OnBeanCondition)

   SpringDocWebMvcConfiguration#requestBuilder matched:
      - @ConditionalOnMissingBean (types: org.springdoc.webmvc.core.service.RequestService; SearchStrategy: all) did not find any beans (OnBeanCondition)

   SpringDocWebMvcConfiguration#responseBuilder matched:
      - @ConditionalOnMissingBean (types: org.springdoc.core.service.GenericResponseService; SearchStrategy: all) did not find any beans (OnBeanCondition)

   SpringDocWebMvcConfiguration#springWebProvider matched:
      - @ConditionalOnMissingBean (types: org.springdoc.core.providers.SpringWebProvider; SearchStrategy: all) did not find any beans (OnBeanCondition)

   SpringDocWebMvcConfiguration.SpringDocWebMvcRouterConfiguration matched:
      - @ConditionalOnClass found required class 'org.springframework.web.servlet.function.RouterFunction' (OnClassCondition)

   SpringDocWebMvcConfiguration.SpringDocWebMvcRouterConfiguration#routerFunctionProvider matched:
      - @ConditionalOnMissingBean (types: org.springdoc.webmvc.core.providers.RouterFunctionWebMvcProvider; SearchStrategy: all) did not find any beans (OnBeanCondition)

   SqlInitializationAutoConfiguration matched:
      - @ConditionalOnProperty (spring.sql.init.enabled) matched (OnPropertyCondition)
      - NoneNestedConditions 0 matched 1 did not; NestedCondition on SqlInitializationAutoConfiguration.SqlInitializationModeCondition.ModeIsNever @ConditionalOnProperty (spring.sql.init.mode=never) did not find property 'mode' (SqlInitializationAutoConfiguration.SqlInitializationModeCondition)

   SslAutoConfiguration#sslBundleRegistry matched:
      - @ConditionalOnMissingBean (types: org.springframework.boot.ssl.SslBundleRegistry,org.springframework.boot.ssl.SslBundles; SearchStrategy: all) did not find any beans (OnBeanCondition)

   SwaggerConfig matched:
      - found 'session' scope (OnWebApplicationCondition)
      - @ConditionalOnProperty (springdoc.swagger-ui.enabled) matched (OnPropertyCondition)
      - @ConditionalOnBean (types: org.springdoc.core.configuration.SpringDocConfiguration; SearchStrategy: all) found bean 'org.springdoc.core.configuration.SpringDocConfiguration' (OnBeanCondition)

   SwaggerConfig#indexPageTransformer matched:
      - @ConditionalOnMissingBean (types: org.springdoc.webmvc.ui.SwaggerIndexTransformer; SearchStrategy: all) did not find any beans (OnBeanCondition)

   SwaggerConfig#swaggerConfigResource matched:
      - @ConditionalOnProperty (springdoc.use-management-port=false) matched (OnPropertyCondition)
      - @ConditionalOnMissingBean (types: org.springdoc.webmvc.ui.SwaggerConfigResource; SearchStrategy: all) did not find any beans (OnBeanCondition)

   SwaggerConfig#swaggerResourceResolver matched:
      - @ConditionalOnMissingBean (types: org.springdoc.webmvc.ui.SwaggerResourceResolver; SearchStrategy: all) did not find any beans (OnBeanCondition)

   SwaggerConfig#swaggerWebMvcConfigurer matched:
      - @ConditionalOnMissingBean (types: org.springdoc.webmvc.ui.SwaggerWebMvcConfigurer; SearchStrategy: all) did not find any beans (OnBeanCondition)

   SwaggerConfig#swaggerWelcome matched:
      - @ConditionalOnProperty (springdoc.use-management-port=false) matched (OnPropertyCondition)
      - @ConditionalOnMissingBean (types: org.springdoc.webmvc.ui.SwaggerWelcomeWebMvc; SearchStrategy: all) did not find any beans (OnBeanCondition)

   SwaggerUiConfigProperties matched:
      - @ConditionalOnProperty (springdoc.swagger-ui.enabled) matched (OnPropertyCondition)
      - @ConditionalOnBean (types: org.springdoc.core.configuration.SpringDocConfiguration; SearchStrategy: all) found bean 'org.springdoc.core.configuration.SpringDocConfiguration' (OnBeanCondition)

   SwaggerUiOAuthProperties matched:
      - @ConditionalOnProperty (springdoc.swagger-ui.enabled) matched (OnPropertyCondition)
      - @ConditionalOnBean (types: org.springdoc.core.configuration.SpringDocConfiguration; SearchStrategy: all) found bean 'org.springdoc.core.configuration.SpringDocConfiguration' (OnBeanCondition)

   TaskExecutionAutoConfiguration matched:
      - @ConditionalOnClass found required class 'org.springframework.scheduling.concurrent.ThreadPoolTaskExecutor' (OnClassCondition)

   TaskExecutorConfigurations.SimpleAsyncTaskExecutorBuilderConfiguration#simpleAsyncTaskExecutorBuilder matched:
      - @ConditionalOnMissingBean (types: org.springframework.boot.task.SimpleAsyncTaskExecutorBuilder; SearchStrategy: all) did not find any beans (OnBeanCondition)
      - @ConditionalOnThreading found PLATFORM (OnThreadingCondition)

   TaskExecutorConfigurations.TaskExecutorConfiguration matched:
      - @ConditionalOnMissingBean (types: java.util.concurrent.Executor; SearchStrategy: all) did not find any beans (OnBeanCondition)

   TaskExecutorConfigurations.TaskExecutorConfiguration#applicationTaskExecutor matched:
      - @ConditionalOnThreading found PLATFORM (OnThreadingCondition)

   TaskExecutorConfigurations.ThreadPoolTaskExecutorBuilderConfiguration#threadPoolTaskExecutorBuilder matched:
      - @ConditionalOnMissingBean (types: org.springframework.boot.task.ThreadPoolTaskExecutorBuilder; SearchStrategy: all) did not find any beans (OnBeanCondition)

   TaskSchedulingAutoConfiguration matched:
      - @ConditionalOnClass found required class 'org.springframework.scheduling.concurrent.ThreadPoolTaskScheduler' (OnClassCondition)

   TaskSchedulingConfigurations.SimpleAsyncTaskSchedulerBuilderConfiguration#simpleAsyncTaskSchedulerBuilder matched:
      - @ConditionalOnMissingBean (types: org.springframework.boot.task.SimpleAsyncTaskSchedulerBuilder; SearchStrategy: all) did not find any beans (OnBeanCondition)
      - @ConditionalOnThreading found PLATFORM (OnThreadingCondition)

   TaskSchedulingConfigurations.ThreadPoolTaskSchedulerBuilderConfiguration#threadPoolTaskSchedulerBuilder matched:
      - @ConditionalOnMissingBean (types: org.springframework.boot.task.ThreadPoolTaskSchedulerBuilder; SearchStrategy: all) did not find any beans (OnBeanCondition)

   TransactionAutoConfiguration matched:
      - @ConditionalOnClass found required class 'org.springframework.transaction.PlatformTransactionManager' (OnClassCondition)

   TransactionAutoConfiguration.EnableTransactionManagementConfiguration matched:
      - @ConditionalOnBean (types: org.springframework.transaction.TransactionManager; SearchStrategy: all) found bean 'transactionManager'; @ConditionalOnMissingBean (types: org.springframework.transaction.annotation.AbstractTransactionManagementConfiguration; SearchStrategy: all) did not find any beans (OnBeanCondition)

   TransactionAutoConfiguration.EnableTransactionManagementConfiguration.CglibAutoProxyConfiguration matched:
      - @ConditionalOnProperty (spring.aop.proxy-target-class=true) matched (OnPropertyCondition)

   TransactionAutoConfiguration.TransactionTemplateConfiguration matched:
      - @ConditionalOnSingleCandidate (types: org.springframework.transaction.PlatformTransactionManager; SearchStrategy: all) found a single bean 'transactionManager' (OnBeanCondition)

   TransactionAutoConfiguration.TransactionTemplateConfiguration#transactionTemplate matched:
      - @ConditionalOnMissingBean (types: org.springframework.transaction.support.TransactionOperations; SearchStrategy: all) did not find any beans (OnBeanCondition)

   TransactionManagerCustomizationAutoConfiguration matched:
      - @ConditionalOnClass found required class 'org.springframework.transaction.PlatformTransactionManager' (OnClassCondition)

   TransactionManagerCustomizationAutoConfiguration#platformTransactionManagerCustomizers matched:
      - @ConditionalOnMissingBean (types: org.springframework.boot.autoconfigure.transaction.TransactionManagerCustomizers; SearchStrategy: all) did not find any beans (OnBeanCondition)

   UserDetailsServiceAutoConfiguration matched:
      - @ConditionalOnClass found required class 'org.springframework.security.authentication.AuthenticationManager' (OnClassCondition)
      - found 'session' scope (OnWebApplicationCondition)
      - AnyNestedCondition 1 matched 2 did not; NestedCondition on UserDetailsServiceAutoConfiguration.MissingAlternativeOrUserPropertiesConfigured.PasswordConfigured @ConditionalOnProperty (spring.security.user.password) did not find property 'password'; NestedCondition on UserDetailsServiceAutoConfiguration.MissingAlternativeOrUserPropertiesConfigured.NameConfigured @ConditionalOnProperty (spring.security.user.name) did not find property 'name'; NestedCondition on UserDetailsServiceAutoConfiguration.MissingAlternativeOrUserPropertiesConfigured.MissingAlternative @ConditionalOnMissingClass did not find unwanted classes 'org.springframework.security.oauth2.client.registration.ClientRegistrationRepository', 'org.springframework.security.oauth2.server.resource.introspection.OpaqueTokenIntrospector', 'org.springframework.security.saml2.provider.service.registration.RelyingPartyRegistrationRepository' (UserDetailsServiceAutoConfiguration.MissingAlternativeOrUserPropertiesConfigured)
      - @ConditionalOnBean (types: org.springframework.security.config.ObjectPostProcessor; SearchStrategy: all) found beans 'objectPostProcessor', 'webAuthorizationManagerPostProcessor', 'filterChainDecoratorPostProcessor', 'authenticationManagerPostProcessor'; @ConditionalOnMissingBean (types: org.springframework.security.authentication.AuthenticationManager,org.springframework.security.authentication.AuthenticationProvider,org.springframework.security.core.userdetails.UserDetailsService,org.springframework.security.authentication.AuthenticationManagerResolver,org.springframework.security.oauth2.jwt.JwtDecoder; SearchStrategy: all) did not find any beans (OnBeanCondition)

   ValidationAutoConfiguration matched:
      - @ConditionalOnClass found required class 'jakarta.validation.executable.ExecutableValidator' (OnClassCondition)
      - @ConditionalOnResource found location classpath:META-INF/services/jakarta.validation.spi.ValidationProvider (OnResourceCondition)

   ValidationAutoConfiguration#defaultValidator matched:
      - @ConditionalOnMissingBean (types: jakarta.validation.Validator; SearchStrategy: all) did not find any beans (OnBeanCondition)

   ValidationAutoConfiguration#methodValidationPostProcessor matched:
      - @ConditionalOnMissingBean (types: org.springframework.validation.beanvalidation.MethodValidationPostProcessor; SearchStrategy: current) did not find any beans (OnBeanCondition)

   WebMvcAutoConfiguration matched:
      - @ConditionalOnClass found required classes 'jakarta.servlet.Servlet', 'org.springframework.web.servlet.DispatcherServlet', 'org.springframework.web.servlet.config.annotation.WebMvcConfigurer' (OnClassCondition)
      - found 'session' scope (OnWebApplicationCondition)
      - @ConditionalOnMissingBean (types: org.springframework.web.servlet.config.annotation.WebMvcConfigurationSupport; SearchStrategy: all) did not find any beans (OnBeanCondition)

   WebMvcAutoConfiguration#formContentFilter matched:
      - @ConditionalOnProperty (spring.mvc.formcontent.filter.enabled) matched (OnPropertyCondition)
      - @ConditionalOnMissingBean (types: org.springframework.web.filter.FormContentFilter; SearchStrategy: all) did not find any beans (OnBeanCondition)

   WebMvcAutoConfiguration.EnableWebMvcConfiguration#flashMapManager matched:
      - @ConditionalOnMissingBean (names: flashMapManager; SearchStrategy: all) did not find any beans (OnBeanCondition)

   WebMvcAutoConfiguration.EnableWebMvcConfiguration#localeResolver matched:
      - @ConditionalOnMissingBean (names: localeResolver; SearchStrategy: all) did not find any beans (OnBeanCondition)

   WebMvcAutoConfiguration.EnableWebMvcConfiguration#themeResolver matched:
      - @ConditionalOnMissingBean (names: themeResolver; SearchStrategy: all) did not find any beans (OnBeanCondition)

   WebMvcAutoConfiguration.EnableWebMvcConfiguration#viewNameTranslator matched:
      - @ConditionalOnMissingBean (names: viewNameTranslator; SearchStrategy: all) did not find any beans (OnBeanCondition)

   WebMvcAutoConfiguration.ResourceChainCustomizerConfiguration matched:
      - @ConditionalOnEnabledResourceChain found class org.webjars.WebJarVersionLocator (OnEnabledResourceChainCondition)

   WebMvcAutoConfiguration.WebMvcAutoConfigurationAdapter#defaultViewResolver matched:
      - @ConditionalOnMissingBean (types: org.springframework.web.servlet.view.InternalResourceViewResolver; SearchStrategy: all) did not find any beans (OnBeanCondition)

   WebMvcAutoConfiguration.WebMvcAutoConfigurationAdapter#requestContextFilter matched:
      - @ConditionalOnMissingBean (types: org.springframework.web.context.request.RequestContextListener,org.springframework.web.filter.RequestContextFilter; SearchStrategy: all) did not find any beans (OnBeanCondition)

   WebMvcAutoConfiguration.WebMvcAutoConfigurationAdapter#viewResolver matched:
      - @ConditionalOnBean (types: org.springframework.web.servlet.ViewResolver; SearchStrategy: all) found beans 'defaultViewResolver', 'beanNameViewResolver', 'mvcViewResolver'; @ConditionalOnMissingBean (names: viewResolver types: org.springframework.web.servlet.view.ContentNegotiatingViewResolver; SearchStrategy: all) did not find any beans (OnBeanCondition)

   WebSocketServletAutoConfiguration matched:
      - @ConditionalOnClass found required classes 'jakarta.servlet.Servlet', 'jakarta.websocket.server.ServerContainer' (OnClassCondition)
      - found 'session' scope (OnWebApplicationCondition)

   WebSocketServletAutoConfiguration.TomcatWebSocketConfiguration matched:
      - @ConditionalOnClass found required classes 'org.apache.catalina.startup.Tomcat', 'org.apache.tomcat.websocket.server.WsSci' (OnClassCondition)

   WebSocketServletAutoConfiguration.TomcatWebSocketConfiguration#websocketServletWebServerCustomizer matched:
      - @ConditionalOnMissingBean (names: websocketServletWebServerCustomizer; SearchStrategy: all) did not find any beans (OnBeanCondition)


Negative matches:
-----------------

   ActiveMQAutoConfiguration:
      Did not match:
         - @ConditionalOnClass did not find required class 'jakarta.jms.ConnectionFactory' (OnClassCondition)

   AopAutoConfiguration.AspectJAutoProxyingConfiguration.JdkDynamicAutoProxyConfiguration:
      Did not match:
         - @ConditionalOnProperty (spring.aop.proxy-target-class=false) did not find property 'proxy-target-class' (OnPropertyCondition)

   AopAutoConfiguration.ClassProxyingConfiguration:
      Did not match:
         - @ConditionalOnMissingClass found unwanted class 'org.aspectj.weaver.Advice' (OnClassCondition)

   ArtemisAutoConfiguration:
      Did not match:
         - @ConditionalOnClass did not find required class 'jakarta.jms.ConnectionFactory' (OnClassCondition)

   BatchAutoConfiguration:
      Did not match:
         - @ConditionalOnClass did not find required class 'org.springframework.batch.core.launch.JobLauncher' (OnClassCondition)

   Cache2kCacheConfiguration:
      Did not match:
         - @ConditionalOnClass did not find required class 'org.cache2k.Cache2kBuilder' (OnClassCondition)

   CacheAutoConfiguration:
      Did not match:
         - @ConditionalOnBean (types: org.springframework.cache.interceptor.CacheAspectSupport; SearchStrategy: all) did not find any beans of type org.springframework.cache.interceptor.CacheAspectSupport (OnBeanCondition)
      Matched:
         - @ConditionalOnClass found required class 'org.springframework.cache.CacheManager' (OnClassCondition)

   CacheAutoConfiguration.CacheManagerEntityManagerFactoryDependsOnPostProcessor:
      Did not match:
         - Ancestor org.springframework.boot.autoconfigure.cache.CacheAutoConfiguration did not match (ConditionEvaluationReport.AncestorsMatchedCondition)
      Matched:
         - @ConditionalOnClass found required class 'org.springframework.orm.jpa.LocalContainerEntityManagerFactoryBean' (OnClassCondition)

   CaffeineCacheConfiguration:
      Did not match:
         - @ConditionalOnClass did not find required class 'com.github.benmanes.caffeine.cache.Caffeine' (OnClassCondition)

   CassandraAutoConfiguration:
      Did not match:
         - @ConditionalOnClass did not find required class 'com.datastax.oss.driver.api.core.CqlSession' (OnClassCondition)

   CassandraDataAutoConfiguration:
      Did not match:
         - @ConditionalOnClass did not find required class 'com.datastax.oss.driver.api.core.CqlSession' (OnClassCondition)

   CassandraReactiveDataAutoConfiguration:
      Did not match:
         - @ConditionalOnClass did not find required class 'com.datastax.oss.driver.api.core.CqlSession' (OnClassCondition)

   CassandraReactiveRepositoriesAutoConfiguration:
      Did not match:
         - @ConditionalOnClass did not find required class 'org.springframework.data.cassandra.ReactiveSession' (OnClassCondition)

   CassandraRepositoriesAutoConfiguration:
      Did not match:
         - @ConditionalOnClass did not find required class 'com.datastax.oss.driver.api.core.CqlSession' (OnClassCondition)

   ClientHttpConnectorAutoConfiguration:
      Did not match:
         - @ConditionalOnClass did not find required class 'org.springframework.web.reactive.function.client.WebClient' (OnClassCondition)

   CodecsAutoConfiguration:
      Did not match:
         - @ConditionalOnClass did not find required class 'org.springframework.web.reactive.function.client.WebClient' (OnClassCondition)

   CouchbaseAutoConfiguration:
      Did not match:
         - @ConditionalOnClass did not find required class 'com.couchbase.client.java.Cluster' (OnClassCondition)

   CouchbaseCacheConfiguration:
      Did not match:
         - @ConditionalOnClass did not find required class 'com.couchbase.client.java.Cluster' (OnClassCondition)

   CouchbaseDataAutoConfiguration:
      Did not match:
         - @ConditionalOnClass did not find required class 'com.couchbase.client.java.Bucket' (OnClassCondition)

   CouchbaseReactiveDataAutoConfiguration:
      Did not match:
         - @ConditionalOnClass did not find required class 'com.couchbase.client.java.Cluster' (OnClassCondition)

   CouchbaseReactiveRepositoriesAutoConfiguration:
      Did not match:
         - @ConditionalOnClass did not find required class 'com.couchbase.client.java.Cluster' (OnClassCondition)

   CouchbaseRepositoriesAutoConfiguration:
      Did not match:
         - @ConditionalOnClass did not find required class 'com.couchbase.client.java.Bucket' (OnClassCondition)

   DataSourceAutoConfiguration.EmbeddedDatabaseConfiguration:
      Did not match:
         - EmbeddedDataSource spring.datasource.url is set (DataSourceAutoConfiguration.EmbeddedDatabaseCondition)

   DataSourceCheckpointRestoreConfiguration:
      Did not match:
         - @ConditionalOnClass did not find required class 'org.crac.Resource' (OnClassCondition)

   DataSourceConfiguration.Dbcp2:
      Did not match:
         - @ConditionalOnClass did not find required class 'org.apache.commons.dbcp2.BasicDataSource' (OnClassCondition)

   DataSourceConfiguration.Generic:
      Did not match:
         - @ConditionalOnProperty (spring.datasource.type) did not find property 'spring.datasource.type' (OnPropertyCondition)

   DataSourceConfiguration.OracleUcp:
      Did not match:
         - @ConditionalOnClass did not find required classes 'oracle.ucp.jdbc.PoolDataSourceImpl', 'oracle.jdbc.OracleConnection' (OnClassCondition)

   DataSourceConfiguration.Tomcat:
      Did not match:
         - @ConditionalOnClass did not find required class 'org.apache.tomcat.jdbc.pool.DataSource' (OnClassCondition)

   DataSourceJmxConfiguration.TomcatDataSourceJmxConfiguration:
      Did not match:
         - @ConditionalOnClass did not find required class 'org.apache.tomcat.jdbc.pool.DataSourceProxy' (OnClassCondition)

   DataSourcePoolMetadataProvidersConfiguration.CommonsDbcp2PoolDataSourceMetadataProviderConfiguration:
      Did not match:
         - @ConditionalOnClass did not find required class 'org.apache.commons.dbcp2.BasicDataSource' (OnClassCondition)

   DataSourcePoolMetadataProvidersConfiguration.OracleUcpPoolDataSourceMetadataProviderConfiguration:
      Did not match:
         - @ConditionalOnClass did not find required classes 'oracle.ucp.jdbc.PoolDataSource', 'oracle.jdbc.OracleConnection' (OnClassCondition)

   DataSourcePoolMetadataProvidersConfiguration.TomcatDataSourcePoolMetadataProviderConfiguration:
      Did not match:
         - @ConditionalOnClass did not find required class 'org.apache.tomcat.jdbc.pool.DataSource' (OnClassCondition)

   DataSourceTransactionManagerAutoConfiguration.JdbcTransactionManagerConfiguration#transactionManager:
      Did not match:
         - @ConditionalOnMissingBean (types: org.springframework.transaction.TransactionManager; SearchStrategy: all) found beans of type 'org.springframework.transaction.TransactionManager' transactionManager (OnBeanCondition)

   DispatcherServletAutoConfiguration.DispatcherServletConfiguration#multipartResolver:
      Did not match:
         - @ConditionalOnBean (types: org.springframework.web.multipart.MultipartResolver; SearchStrategy: all) did not find any beans of type org.springframework.web.multipart.MultipartResolver (OnBeanCondition)

   ElasticsearchClientAutoConfiguration:
      Did not match:
         - @ConditionalOnClass did not find required class 'co.elastic.clients.elasticsearch.ElasticsearchClient' (OnClassCondition)

   ElasticsearchDataAutoConfiguration:
      Did not match:
         - @ConditionalOnClass did not find required class 'org.springframework.data.elasticsearch.client.elc.ElasticsearchTemplate' (OnClassCondition)

   ElasticsearchRepositoriesAutoConfiguration:
      Did not match:
         - @ConditionalOnClass did not find required class 'org.springframework.data.elasticsearch.repository.ElasticsearchRepository' (OnClassCondition)

   ElasticsearchRestClientAutoConfiguration:
      Did not match:
         - @ConditionalOnClass did not find required class 'org.elasticsearch.client.RestClientBuilder' (OnClassCondition)

   EmbeddedLdapAutoConfiguration:
      Did not match:
         - @ConditionalOnClass did not find required class 'com.unboundid.ldap.listener.InMemoryDirectoryServer' (OnClassCondition)

   EmbeddedWebServerFactoryCustomizerAutoConfiguration.JettyWebServerFactoryCustomizerConfiguration:
      Did not match:
         - @ConditionalOnClass did not find required classes 'org.eclipse.jetty.server.Server', 'org.eclipse.jetty.util.Loader', 'org.eclipse.jetty.ee10.webapp.WebAppContext' (OnClassCondition)

   EmbeddedWebServerFactoryCustomizerAutoConfiguration.NettyWebServerFactoryCustomizerConfiguration:
      Did not match:
         - @ConditionalOnClass did not find required class 'reactor.netty.http.server.HttpServer' (OnClassCondition)

   EmbeddedWebServerFactoryCustomizerAutoConfiguration.TomcatWebServerFactoryCustomizerConfiguration#tomcatVirtualThreadsProtocolHandlerCustomizer:
      Did not match:
         - @ConditionalOnThreading did not find VIRTUAL (OnThreadingCondition)

   EmbeddedWebServerFactoryCustomizerAutoConfiguration.UndertowWebServerFactoryCustomizerConfiguration:
      Did not match:
         - @ConditionalOnClass did not find required classes 'io.undertow.Undertow', 'org.xnio.SslClientAuthMode' (OnClassCondition)

   ErrorWebFluxAutoConfiguration:
      Did not match:
         - @ConditionalOnClass did not find required class 'org.springframework.web.reactive.config.WebFluxConfigurer' (OnClassCondition)

   FlywayAutoConfiguration:
      Did not match:
         - @ConditionalOnClass did not find required class 'org.flywaydb.core.Flyway' (OnClassCondition)

   FreeMarkerAutoConfiguration:
      Did not match:
         - @ConditionalOnClass did not find required class 'freemarker.template.Configuration' (OnClassCondition)

   GraphQlAutoConfiguration:
      Did not match:
         - @ConditionalOnClass did not find required class 'graphql.GraphQL' (OnClassCondition)

   GraphQlQueryByExampleAutoConfiguration:
      Did not match:
         - @ConditionalOnClass did not find required class 'graphql.GraphQL' (OnClassCondition)

   GraphQlQuerydslAutoConfiguration:
      Did not match:
         - @ConditionalOnClass did not find required class 'com.querydsl.core.Query' (OnClassCondition)

   GraphQlRSocketAutoConfiguration:
      Did not match:
         - @ConditionalOnClass did not find required class 'graphql.GraphQL' (OnClassCondition)

   GraphQlReactiveQueryByExampleAutoConfiguration:
      Did not match:
         - @ConditionalOnClass did not find required class 'graphql.GraphQL' (OnClassCondition)

   GraphQlReactiveQuerydslAutoConfiguration:
      Did not match:
         - @ConditionalOnClass did not find required class 'com.querydsl.core.Query' (OnClassCondition)

   GraphQlWebFluxAutoConfiguration:
      Did not match:
         - @ConditionalOnClass did not find required class 'graphql.GraphQL' (OnClassCondition)

   GraphQlWebFluxSecurityAutoConfiguration:
      Did not match:
         - @ConditionalOnClass did not find required class 'graphql.GraphQL' (OnClassCondition)

   GraphQlWebMvcAutoConfiguration:
      Did not match:
         - @ConditionalOnClass did not find required class 'graphql.GraphQL' (OnClassCondition)

   GraphQlWebMvcSecurityAutoConfiguration:
      Did not match:
         - @ConditionalOnClass did not find required class 'graphql.GraphQL' (OnClassCondition)

   GroovyTemplateAutoConfiguration:
      Did not match:
         - @ConditionalOnClass did not find required class 'groovy.text.markup.MarkupTemplateEngine' (OnClassCondition)

   GsonAutoConfiguration:
      Did not match:
         - @ConditionalOnClass did not find required class 'com.google.gson.Gson' (OnClassCondition)

   GsonHttpMessageConvertersConfiguration:
      Did not match:
         - @ConditionalOnClass did not find required class 'com.google.gson.Gson' (OnClassCondition)

   H2ConsoleAutoConfiguration:
      Did not match:
         - @ConditionalOnClass did not find required class 'org.h2.server.web.JakartaWebServlet' (OnClassCondition)

   HazelcastAutoConfiguration:
      Did not match:
         - @ConditionalOnClass did not find required class 'com.hazelcast.core.HazelcastInstance' (OnClassCondition)

   HazelcastCacheConfiguration:
      Did not match:
         - @ConditionalOnClass did not find required class 'com.hazelcast.core.HazelcastInstance' (OnClassCondition)

   HazelcastJpaDependencyAutoConfiguration:
      Did not match:
         - @ConditionalOnClass did not find required class 'com.hazelcast.core.HazelcastInstance' (OnClassCondition)

   HttpHandlerAutoConfiguration:
      Did not match:
         - @ConditionalOnClass did not find required class 'org.springframework.web.reactive.DispatcherHandler' (OnClassCondition)

   HypermediaAutoConfiguration:
      Did not match:
         - @ConditionalOnClass did not find required class 'org.springframework.hateoas.EntityModel' (OnClassCondition)

   InfinispanCacheConfiguration:
      Did not match:
         - @ConditionalOnClass did not find required class 'org.infinispan.spring.embedded.provider.SpringEmbeddedCacheManager' (OnClassCondition)

   IntegrationAutoConfiguration:
      Did not match:
         - @ConditionalOnClass did not find required class 'org.springframework.integration.config.EnableIntegration' (OnClassCondition)

   JCacheCacheConfiguration:
      Did not match:
         - @ConditionalOnClass did not find required class 'javax.cache.Caching' (OnClassCondition)

   JacksonHttpMessageConvertersConfiguration.MappingJackson2XmlHttpMessageConverterConfiguration:
      Did not match:
         - @ConditionalOnClass did not find required class 'com.fasterxml.jackson.dataformat.xml.XmlMapper' (OnClassCondition)

   JdbcRepositoriesAutoConfiguration:
      Did not match:
         - @ConditionalOnClass did not find required class 'org.springframework.data.jdbc.repository.config.AbstractJdbcConfiguration' (OnClassCondition)

   JerseyAutoConfiguration:
      Did not match:
         - @ConditionalOnClass did not find required class 'org.glassfish.jersey.server.spring.SpringComponentProvider' (OnClassCondition)

   JmsAutoConfiguration:
      Did not match:
         - @ConditionalOnClass did not find required class 'jakarta.jms.Message' (OnClassCondition)

   JndiConnectionFactoryAutoConfiguration:
      Did not match:
         - @ConditionalOnClass did not find required class 'org.springframework.jms.core.JmsTemplate' (OnClassCondition)

   JndiDataSourceAutoConfiguration:
      Did not match:
         - @ConditionalOnProperty (spring.datasource.jndi-name) did not find property 'jndi-name' (OnPropertyCondition)
      Matched:
         - @ConditionalOnClass found required classes 'javax.sql.DataSource', 'org.springframework.jdbc.datasource.embedded.EmbeddedDatabaseType' (OnClassCondition)

   JndiJtaConfiguration:
      Did not match:
         - @ConditionalOnJndi JNDI environment is not available (OnJndiCondition)
      Matched:
         - @ConditionalOnClass found required class 'org.springframework.transaction.jta.JtaTransactionManager' (OnClassCondition)

   JooqAutoConfiguration:
      Did not match:
         - @ConditionalOnClass did not find required class 'org.jooq.DSLContext' (OnClassCondition)

   JpaRepositoriesAutoConfiguration#entityManagerFactoryBootstrapExecutorCustomizer:
      Did not match:
         - AnyNestedCondition 0 matched 2 did not; NestedCondition on JpaRepositoriesAutoConfiguration.BootstrapExecutorCondition.LazyBootstrapMode @ConditionalOnProperty (spring.data.jpa.repositories.bootstrap-mode=lazy) did not find property 'bootstrap-mode'; NestedCondition on JpaRepositoriesAutoConfiguration.BootstrapExecutorCondition.DeferredBootstrapMode @ConditionalOnProperty (spring.data.jpa.repositories.bootstrap-mode=deferred) did not find property 'bootstrap-mode' (JpaRepositoriesAutoConfiguration.BootstrapExecutorCondition)

   JsonbAutoConfiguration:
      Did not match:
         - @ConditionalOnClass did not find required class 'jakarta.json.bind.Jsonb' (OnClassCondition)

   JsonbHttpMessageConvertersConfiguration:
      Did not match:
         - @ConditionalOnClass did not find required class 'jakarta.json.bind.Jsonb' (OnClassCondition)

   KafkaAutoConfiguration:
      Did not match:
         - @ConditionalOnClass did not find required class 'org.springframework.kafka.core.KafkaTemplate' (OnClassCondition)

   LdapAutoConfiguration:
      Did not match:
         - @ConditionalOnClass did not find required class 'org.springframework.ldap.core.ContextSource' (OnClassCondition)

   LdapRepositoriesAutoConfiguration:
      Did not match:
         - @ConditionalOnClass did not find required class 'org.springframework.data.ldap.repository.LdapRepository' (OnClassCondition)

   LiquibaseAutoConfiguration:
      Did not match:
         - @ConditionalOnClass did not find required class 'liquibase.change.DatabaseChange' (OnClassCondition)

   MailSenderAutoConfiguration:
      Did not match:
         - @ConditionalOnClass did not find required class 'jakarta.mail.internet.MimeMessage' (OnClassCondition)

   MailSenderValidatorAutoConfiguration:
      Did not match:
         - @ConditionalOnSingleCandidate did not find required type 'org.springframework.mail.javamail.JavaMailSenderImpl' (OnBeanCondition)

   MessageSourceAutoConfiguration:
      Did not match:
         - ResourceBundle did not find bundle with basename messages (MessageSourceAutoConfiguration.ResourceBundleCondition)

   MongoAutoConfiguration:
      Did not match:
         - @ConditionalOnClass did not find required class 'com.mongodb.client.MongoClient' (OnClassCondition)

   MongoDataAutoConfiguration:
      Did not match:
         - @ConditionalOnClass did not find required class 'com.mongodb.client.MongoClient' (OnClassCondition)

   MongoReactiveAutoConfiguration:
      Did not match:
         - @ConditionalOnClass did not find required class 'com.mongodb.reactivestreams.client.MongoClient' (OnClassCondition)

   MongoReactiveDataAutoConfiguration:
      Did not match:
         - @ConditionalOnClass did not find required class 'com.mongodb.reactivestreams.client.MongoClient' (OnClassCondition)

   MongoReactiveRepositoriesAutoConfiguration:
      Did not match:
         - @ConditionalOnClass did not find required class 'com.mongodb.reactivestreams.client.MongoClient' (OnClassCondition)

   MongoRepositoriesAutoConfiguration:
      Did not match:
         - @ConditionalOnClass did not find required class 'com.mongodb.client.MongoClient' (OnClassCondition)

   MultipleOpenApiSupportConfiguration:
      Did not match:
         - AnyNestedCondition 0 matched 2 did not; NestedCondition on MultipleOpenApiSupportCondition.OnActuatorDifferentPort @ConditionalOnProperty (springdoc.show-actuator) did not find property 'springdoc.show-actuator'; NestedCondition on MultipleOpenApiSupportCondition.OnMultipleOpenApiSupportCondition AnyNestedCondition 0 matched 3 did not; NestedCondition on MultipleOpenApiGroupsCondition.OnListGroupedOpenApiBean @ConditionalOnBean (types: org.springdoc.core.models.GroupedOpenApi; SearchStrategy: all) did not find any beans of type org.springdoc.core.models.GroupedOpenApi; NestedCondition on MultipleOpenApiGroupsCondition.OnGroupConfigProperty @ConditionalOnProperty (springdoc.group-configs[0].group) did not find property 'springdoc.group-configs[0].group'; NestedCondition on MultipleOpenApiGroupsCondition.OnGroupedOpenApiBean @ConditionalOnBean (types: org.springdoc.core.models.GroupedOpenApi; SearchStrategy: all) did not find any beans of type org.springdoc.core.models.GroupedOpenApi (MultipleOpenApiSupportCondition)
      Matched:
         - found 'session' scope (OnWebApplicationCondition)
         - @ConditionalOnProperty (springdoc.api-docs.enabled) matched (OnPropertyCondition)

   MultipleOpenApiSupportConfiguration.SpringDocWebMvcActuatorDifferentConfiguration:
      Did not match:
         - @ConditionalOnClass did not find required class 'org.springframework.boot.actuate.endpoint.web.servlet.WebMvcEndpointHandlerMapping' (OnClassCondition)
         - Ancestor org.springdoc.webmvc.core.configuration.MultipleOpenApiSupportConfiguration did not match (ConditionEvaluationReport.AncestorsMatchedCondition)

   MustacheAutoConfiguration:
      Did not match:
         - @ConditionalOnClass did not find required class 'com.samskivert.mustache.Mustache' (OnClassCondition)

   Neo4jAutoConfiguration:
      Did not match:
         - @ConditionalOnClass did not find required class 'org.neo4j.driver.Driver' (OnClassCondition)

   Neo4jDataAutoConfiguration:
      Did not match:
         - @ConditionalOnClass did not find required class 'org.neo4j.driver.Driver' (OnClassCondition)

   Neo4jReactiveDataAutoConfiguration:
      Did not match:
         - @ConditionalOnClass did not find required class 'org.neo4j.driver.Driver' (OnClassCondition)

   Neo4jReactiveRepositoriesAutoConfiguration:
      Did not match:
         - @ConditionalOnClass did not find required class 'org.neo4j.driver.Driver' (OnClassCondition)

   Neo4jRepositoriesAutoConfiguration:
      Did not match:
         - @ConditionalOnClass did not find required class 'org.neo4j.driver.Driver' (OnClassCondition)

   NettyAutoConfiguration:
      Did not match:
         - @ConditionalOnClass did not find required class 'io.netty.util.NettyRuntime' (OnClassCondition)

   OAuth2AuthorizationServerAutoConfiguration:
      Did not match:
         - @ConditionalOnClass did not find required class 'org.springframework.security.oauth2.server.authorization.OAuth2Authorization' (OnClassCondition)

   OAuth2AuthorizationServerJwtAutoConfiguration:
      Did not match:
         - @ConditionalOnClass did not find required class 'org.springframework.security.oauth2.server.authorization.OAuth2Authorization' (OnClassCondition)

   OAuth2ClientAutoConfiguration:
      Did not match:
         - @ConditionalOnClass did not find required class 'org.springframework.security.oauth2.client.registration.ClientRegistration' (OnClassCondition)

   OAuth2ResourceServerAutoConfiguration:
      Did not match:
         - @ConditionalOnClass did not find required class 'org.springframework.security.oauth2.server.resource.authentication.BearerTokenAuthenticationToken' (OnClassCondition)

   ProjectInfoAutoConfiguration#buildProperties:
      Did not match:
         - @ConditionalOnResource did not find resource '${spring.info.build.location:classpath:META-INF/build-info.properties}' (OnResourceCondition)

   ProjectInfoAutoConfiguration#gitProperties:
      Did not match:
         - GitResource did not find git info at classpath:git.properties (ProjectInfoAutoConfiguration.GitResourceAvailableCondition)

   PulsarAutoConfiguration:
      Did not match:
         - @ConditionalOnClass did not find required class 'org.apache.pulsar.client.api.PulsarClient' (OnClassCondition)

   PulsarReactiveAutoConfiguration:
      Did not match:
         - @ConditionalOnClass did not find required class 'org.apache.pulsar.client.api.PulsarClient' (OnClassCondition)

   QuartzAutoConfiguration:
      Did not match:
         - @ConditionalOnClass did not find required class 'org.quartz.Scheduler' (OnClassCondition)

   R2dbcAutoConfiguration:
      Did not match:
         - @ConditionalOnClass did not find required class 'io.r2dbc.spi.ConnectionFactory' (OnClassCondition)

   R2dbcDataAutoConfiguration:
      Did not match:
         - @ConditionalOnClass did not find required class 'org.springframework.data.r2dbc.core.R2dbcEntityTemplate' (OnClassCondition)

   R2dbcInitializationConfiguration:
      Did not match:
         - @ConditionalOnClass did not find required classes 'io.r2dbc.spi.ConnectionFactory', 'org.springframework.r2dbc.connection.init.DatabasePopulator' (OnClassCondition)

   R2dbcProxyAutoConfiguration:
      Did not match:
         - @ConditionalOnClass did not find required class 'io.r2dbc.proxy.ProxyConnectionFactory' (OnClassCondition)

   R2dbcRepositoriesAutoConfiguration:
      Did not match:
         - @ConditionalOnClass did not find required class 'io.r2dbc.spi.ConnectionFactory' (OnClassCondition)

   R2dbcTransactionManagerAutoConfiguration:
      Did not match:
         - @ConditionalOnClass did not find required class 'org.springframework.r2dbc.connection.R2dbcTransactionManager' (OnClassCondition)

   RSocketGraphQlClientAutoConfiguration:
      Did not match:
         - @ConditionalOnClass did not find required class 'graphql.GraphQL' (OnClassCondition)

   RSocketMessagingAutoConfiguration:
      Did not match:
         - @ConditionalOnClass did not find required class 'io.rsocket.RSocket' (OnClassCondition)

   RSocketRequesterAutoConfiguration:
      Did not match:
         - @ConditionalOnClass did not find required class 'io.rsocket.RSocket' (OnClassCondition)

   RSocketSecurityAutoConfiguration:
      Did not match:
         - @ConditionalOnClass did not find required class 'org.springframework.security.rsocket.core.SecuritySocketAcceptorInterceptor' (OnClassCondition)

   RSocketServerAutoConfiguration:
      Did not match:
         - @ConditionalOnClass did not find required class 'io.rsocket.core.RSocketServer' (OnClassCondition)

   RSocketStrategiesAutoConfiguration:
      Did not match:
         - @ConditionalOnClass did not find required class 'io.netty.buffer.PooledByteBufAllocator' (OnClassCondition)

   RabbitAutoConfiguration:
      Did not match:
         - @ConditionalOnClass did not find required class 'com.rabbitmq.client.Channel' (OnClassCondition)

   ReactiveElasticsearchClientAutoConfiguration:
      Did not match:
         - @ConditionalOnClass did not find required class 'co.elastic.clients.transport.ElasticsearchTransport' (OnClassCondition)

   ReactiveElasticsearchRepositoriesAutoConfiguration:
      Did not match:
         - @ConditionalOnClass did not find required class 'reactor.core.publisher.Mono' (OnClassCondition)

   ReactiveMultipartAutoConfiguration:
      Did not match:
         - @ConditionalOnClass did not find required class 'org.springframework.web.reactive.config.WebFluxConfigurer' (OnClassCondition)

   ReactiveOAuth2ClientAutoConfiguration:
      Did not match:
         - @ConditionalOnClass did not find required class 'reactor.core.publisher.Flux' (OnClassCondition)

   ReactiveOAuth2ResourceServerAutoConfiguration:
      Did not match:
         - @ConditionalOnWebApplication did not find reactive web application classes (OnWebApplicationCondition)

   ReactiveSecurityAutoConfiguration:
      Did not match:
         - @ConditionalOnClass did not find required class 'reactor.core.publisher.Flux' (OnClassCondition)

   ReactiveUserDetailsServiceAutoConfiguration:
      Did not match:
         - AnyNestedCondition 0 matched 2 did not; NestedCondition on ReactiveUserDetailsServiceAutoConfiguration.RSocketEnabledOrReactiveWebApplication.ReactiveWebApplicationCondition did not find reactive web application classes; NestedCondition on ReactiveUserDetailsServiceAutoConfiguration.RSocketEnabledOrReactiveWebApplication.RSocketSecurityEnabledCondition @ConditionalOnBean (types: org.springframework.messaging.rsocket.annotation.support.RSocketMessageHandler; SearchStrategy: all) did not find any beans of type org.springframework.messaging.rsocket.annotation.support.RSocketMessageHandler (ReactiveUserDetailsServiceAutoConfiguration.RSocketEnabledOrReactiveWebApplication)
      Matched:
         - @ConditionalOnClass found required class 'org.springframework.security.authentication.ReactiveAuthenticationManager' (OnClassCondition)
         - AnyNestedCondition 1 matched 2 did not; NestedCondition on ReactiveUserDetailsServiceAutoConfiguration.MissingAlternativeOrUserPropertiesConfigured.PasswordConfigured @ConditionalOnProperty (spring.security.user.password) did not find property 'password'; NestedCondition on ReactiveUserDetailsServiceAutoConfiguration.MissingAlternativeOrUserPropertiesConfigured.NameConfigured @ConditionalOnProperty (spring.security.user.name) did not find property 'name'; NestedCondition on ReactiveUserDetailsServiceAutoConfiguration.MissingAlternativeOrUserPropertiesConfigured.MissingAlternative @ConditionalOnMissingClass did not find unwanted classes 'org.springframework.security.oauth2.client.registration.ClientRegistrationRepository', 'org.springframework.security.oauth2.server.resource.introspection.ReactiveOpaqueTokenIntrospector' (ReactiveUserDetailsServiceAutoConfiguration.MissingAlternativeOrUserPropertiesConfigured)

   ReactiveWebServerFactoryAutoConfiguration:
      Did not match:
         - @ConditionalOnWebApplication did not find reactive web application classes (OnWebApplicationCondition)

   ReactorAutoConfiguration:
      Did not match:
         - @ConditionalOnClass did not find required class 'reactor.core.publisher.Hooks' (OnClassCondition)

   RedisAutoConfiguration:
      Did not match:
         - @ConditionalOnClass did not find required class 'org.springframework.data.redis.core.RedisOperations' (OnClassCondition)

   RedisCacheConfiguration:
      Did not match:
         - @ConditionalOnClass did not find required class 'org.springframework.data.redis.connection.RedisConnectionFactory' (OnClassCondition)

   RedisReactiveAutoConfiguration:
      Did not match:
         - @ConditionalOnClass did not find required class 'reactor.core.publisher.Flux' (OnClassCondition)

   RedisRepositoriesAutoConfiguration:
      Did not match:
         - @ConditionalOnClass did not find required class 'org.springframework.data.redis.repository.configuration.EnableRedisRepositories' (OnClassCondition)

   RepositoryRestMvcAutoConfiguration:
      Did not match:
         - @ConditionalOnClass did not find required class 'org.springframework.data.rest.webmvc.config.RepositoryRestMvcConfiguration' (OnClassCondition)

   Saml2RelyingPartyAutoConfiguration:
      Did not match:
         - @ConditionalOnClass did not find required class 'org.springframework.security.saml2.provider.service.registration.RelyingPartyRegistrationRepository' (OnClassCondition)

   SecurityDataConfiguration:
      Did not match:
         - @ConditionalOnClass did not find required class 'org.springframework.security.data.repository.query.SecurityEvaluationContextExtension' (OnClassCondition)

   SendGridAutoConfiguration:
      Did not match:
         - @ConditionalOnClass did not find required class 'com.sendgrid.SendGrid' (OnClassCondition)

   ServletWebServerFactoryAutoConfiguration.ForwardedHeaderFilterConfiguration:
      Did not match:
         - @ConditionalOnProperty (server.forward-headers-strategy=framework) did not find property 'server.forward-headers-strategy' (OnPropertyCondition)

   ServletWebServerFactoryConfiguration.EmbeddedJetty:
      Did not match:
         - @ConditionalOnClass did not find required classes 'org.eclipse.jetty.server.Server', 'org.eclipse.jetty.util.Loader', 'org.eclipse.jetty.ee10.webapp.WebAppContext' (OnClassCondition)

   ServletWebServerFactoryConfiguration.EmbeddedUndertow:
      Did not match:
         - @ConditionalOnClass did not find required classes 'io.undertow.Undertow', 'org.xnio.SslClientAuthMode' (OnClassCondition)

   SessionAutoConfiguration:
      Did not match:
         - @ConditionalOnClass did not find required class 'org.springframework.session.Session' (OnClassCondition)

   SpringBootWebSecurityConfiguration.SecurityFilterChainConfiguration:
      Did not match:
         - AllNestedConditions 1 matched 1 did not; NestedCondition on DefaultWebSecurityCondition.Beans @ConditionalOnMissingBean (types: org.springframework.security.web.SecurityFilterChain; SearchStrategy: all) found beans of type 'org.springframework.security.web.SecurityFilterChain' securityFilterChain; NestedCondition on DefaultWebSecurityCondition.Classes @ConditionalOnClass found required classes 'org.springframework.security.web.SecurityFilterChain', 'org.springframework.security.config.annotation.web.builders.HttpSecurity' (DefaultWebSecurityCondition)

   SpringBootWebSecurityConfiguration.WebSecurityEnablerConfiguration:
      Did not match:
         - @ConditionalOnMissingBean (names: springSecurityFilterChain; SearchStrategy: all) found beans named springSecurityFilterChain (OnBeanCondition)
      Matched:
         - @ConditionalOnClass found required class 'org.springframework.security.config.annotation.web.configuration.EnableWebSecurity' (OnClassCondition)

   SpringDocConfiguration#propertiesResolverForSchema:
      Did not match:
         - @ConditionalOnProperty (springdoc.api-docs.resolve-schema-properties) did not find property 'springdoc.api-docs.resolve-schema-properties' (OnPropertyCondition)

   SpringDocConfiguration#propertyCustomizingConverter:
      Did not match:
         - @ConditionalOnBean (types: org.springdoc.core.customizers.PropertyCustomizer; SearchStrategy: all) did not find any beans of type org.springdoc.core.customizers.PropertyCustomizer (OnBeanCondition)

   SpringDocConfiguration#springdocBeanFactoryPostProcessor:
      Did not match:
         - AnyNestedCondition 0 matched 2 did not; NestedCondition on CacheOrGroupedOpenApiCondition.OnCacheDisabled found non-matching nested conditions @ConditionalOnProperty (springdoc.cache.disabled) did not find property 'springdoc.cache.disabled'; NestedCondition on CacheOrGroupedOpenApiCondition.OnMultipleOpenApiSupportCondition AnyNestedCondition 0 matched 2 did not; NestedCondition on MultipleOpenApiSupportCondition.OnActuatorDifferentPort @ConditionalOnProperty (springdoc.show-actuator) did not find property 'springdoc.show-actuator'; NestedCondition on MultipleOpenApiSupportCondition.OnMultipleOpenApiSupportCondition AnyNestedCondition 0 matched 3 did not; NestedCondition on MultipleOpenApiGroupsCondition.OnListGroupedOpenApiBean @ConditionalOnBean (types: org.springdoc.core.models.GroupedOpenApi; SearchStrategy: all) did not find any beans of type org.springdoc.core.models.GroupedOpenApi; NestedCondition on MultipleOpenApiGroupsCondition.OnGroupConfigProperty @ConditionalOnProperty (springdoc.group-configs[0].group) did not find property 'springdoc.group-configs[0].group'; NestedCondition on MultipleOpenApiGroupsCondition.OnGroupedOpenApiBean @ConditionalOnBean (types: org.springdoc.core.models.GroupedOpenApi; SearchStrategy: all) did not find any beans of type org.springdoc.core.models.GroupedOpenApi (CacheOrGroupedOpenApiCondition)
      Matched:
         - @ConditionalOnClass found required class 'org.springframework.boot.context.properties.bind.BindResult' (OnClassCondition)

   SpringDocConfiguration#springdocBeanFactoryPostProcessor2:
      Did not match:
         - @ConditionalOnMissingClass found unwanted class 'org.springframework.boot.context.properties.bind.BindResult' (OnClassCondition)

   SpringDocConfiguration.SpringDocActuatorConfiguration:
      Did not match:
         - @ConditionalOnClass did not find required class 'org.springframework.boot.actuate.autoconfigure.endpoint.web.WebEndpointProperties' (OnClassCondition)

   SpringDocConfiguration.SpringDocRepositoryRestConfiguration:
      Did not match:
         - @ConditionalOnClass did not find required class 'org.springframework.data.rest.core.config.RepositoryRestConfiguration' (OnClassCondition)

   SpringDocConfiguration.SpringDocWebFluxSupportConfiguration:
      Did not match:
         - @ConditionalOnClass did not find required class 'reactor.core.publisher.Flux' (OnClassCondition)

   SpringDocDataRestConfiguration:
      Did not match:
         - @ConditionalOnClass did not find required class 'org.springframework.data.rest.core.config.RepositoryRestConfiguration' (OnClassCondition)

   SpringDocFunctionCatalogConfiguration:
      Did not match:
         - @ConditionalOnClass did not find required class 'org.springframework.cloud.function.web.function.FunctionEndpointInitializer' (OnClassCondition)

   SpringDocGroovyConfiguration:
      Did not match:
         - @ConditionalOnClass did not find required class 'groovy.lang.MetaClass' (OnClassCondition)

   SpringDocHateoasConfiguration:
      Did not match:
         - @ConditionalOnClass did not find required class 'org.springframework.hateoas.server.LinkRelationProvider' (OnClassCondition)

   SpringDocJacksonKotlinModuleConfiguration:
      Did not match:
         - @ConditionalOnClass did not find required class 'com.fasterxml.jackson.module.kotlin.KotlinModule' (OnClassCondition)

   SpringDocJavadocConfiguration:
      Did not match:
         - @ConditionalOnClass did not find required class 'com.github.therapi.runtimejavadoc.CommentFormatter' (OnClassCondition)

   SpringDocKotlinConfiguration:
      Did not match:
         - @ConditionalOnClass did not find required class 'kotlin.coroutines.Continuation' (OnClassCondition)

   SpringDocKotlinxConfiguration:
      Did not match:
         - @ConditionalOnClass did not find required class 'kotlinx.coroutines.flow.Flow' (OnClassCondition)

   SpringDocSecurityConfiguration.SpringDocSecurityOAuth2ClientConfiguration:
      Did not match:
         - @ConditionalOnClass did not find required class 'org.springframework.security.oauth2.client.annotation.RegisteredOAuth2AuthorizedClient' (OnClassCondition)

   SpringDocSecurityConfiguration.SpringDocSecurityOAuth2Configuration:
      Did not match:
         - @ConditionalOnClass did not find required class 'org.springframework.security.oauth2.server.authorization.OAuth2AuthorizationService' (OnClassCondition)

   SpringDocSecurityConfiguration.SpringSecurityLoginEndpointConfiguration#springSecurityLoginEndpointCustomizer:
      Did not match:
         - @ConditionalOnProperty (springdoc.show-login-endpoint) did not find property 'springdoc.show-login-endpoint' (OnPropertyCondition)

   SpringDocSortConfiguration#dataRestDelegatingMethodParameterCustomizer:
      Did not match:
         - @ConditionalOnMissingBean (types: org.springdoc.core.customizers.DataRestDelegatingMethodParameterCustomizer; SearchStrategy: all) found beans of type 'org.springdoc.core.customizers.DataRestDelegatingMethodParameterCustomizer' dataRestDelegatingMethodParameterCustomizer (OnBeanCondition)

   SpringDocWebMvcConfiguration.SpringDocWebMvcActuatorConfiguration:
      Did not match:
         - @ConditionalOnClass did not find required class 'org.springframework.boot.actuate.endpoint.web.servlet.WebMvcEndpointHandlerMapping' (OnClassCondition)

   SwaggerConfig#springWebProvider:
      Did not match:
         - @ConditionalOnMissingBean (types: org.springdoc.core.providers.SpringWebProvider; SearchStrategy: all) found beans of type 'org.springdoc.core.providers.SpringWebProvider' springWebProvider (OnBeanCondition)

   SwaggerConfig#swaggerUiHome:
      Did not match:
         - @ConditionalOnProperty (springdoc.swagger-ui.use-root-path=true) did not find property 'springdoc.swagger-ui.use-root-path' (OnPropertyCondition)

   SwaggerConfig.SwaggerActuatorWelcomeConfiguration:
      Did not match:
         - @ConditionalOnClass did not find required class 'org.springframework.boot.actuate.endpoint.web.servlet.WebMvcEndpointHandlerMapping' (OnClassCondition)

   TaskExecutorConfigurations.SimpleAsyncTaskExecutorBuilderConfiguration#simpleAsyncTaskExecutorBuilderVirtualThreads:
      Did not match:
         - @ConditionalOnMissingBean (types: org.springframework.boot.task.SimpleAsyncTaskExecutorBuilder; SearchStrategy: all) found beans of type 'org.springframework.boot.task.SimpleAsyncTaskExecutorBuilder' simpleAsyncTaskExecutorBuilder (OnBeanCondition)

   TaskExecutorConfigurations.TaskExecutorConfiguration#applicationTaskExecutorVirtualThreads:
      Did not match:
         - @ConditionalOnThreading did not find VIRTUAL (OnThreadingCondition)

   TaskSchedulingAutoConfiguration#scheduledBeanLazyInitializationExcludeFilter:
      Did not match:
         - @ConditionalOnBean (names: org.springframework.context.annotation.internalScheduledAnnotationProcessor; SearchStrategy: all) did not find any beans named org.springframework.context.annotation.internalScheduledAnnotationProcessor (OnBeanCondition)

   TaskSchedulingConfigurations.SimpleAsyncTaskSchedulerBuilderConfiguration#simpleAsyncTaskSchedulerBuilderVirtualThreads:
      Did not match:
         - @ConditionalOnMissingBean (types: org.springframework.boot.task.SimpleAsyncTaskSchedulerBuilder; SearchStrategy: all) found beans of type 'org.springframework.boot.task.SimpleAsyncTaskSchedulerBuilder' simpleAsyncTaskSchedulerBuilder (OnBeanCondition)

   TaskSchedulingConfigurations.TaskSchedulerConfiguration:
      Did not match:
         - @ConditionalOnBean (names: org.springframework.context.annotation.internalScheduledAnnotationProcessor; SearchStrategy: all) did not find any beans named org.springframework.context.annotation.internalScheduledAnnotationProcessor (OnBeanCondition)

   ThymeleafAutoConfiguration:
      Did not match:
         - @ConditionalOnClass did not find required class 'org.thymeleaf.spring6.SpringTemplateEngine' (OnClassCondition)

   TransactionAutoConfiguration#transactionalOperator:
      Did not match:
         - @ConditionalOnSingleCandidate (types: org.springframework.transaction.ReactiveTransactionManager; SearchStrategy: all) did not find any beans (OnBeanCondition)

   TransactionAutoConfiguration.AspectJTransactionManagementConfiguration:
      Did not match:
         - @ConditionalOnBean (types: org.springframework.transaction.aspectj.AbstractTransactionAspect; SearchStrategy: all) did not find any beans of type org.springframework.transaction.aspectj.AbstractTransactionAspect (OnBeanCondition)

   TransactionAutoConfiguration.EnableTransactionManagementConfiguration.JdkDynamicAutoProxyConfiguration:
      Did not match:
         - @ConditionalOnProperty (spring.aop.proxy-target-class=false) did not find property 'proxy-target-class' (OnPropertyCondition)

   WebClientAutoConfiguration:
      Did not match:
         - @ConditionalOnClass did not find required class 'org.springframework.web.reactive.function.client.WebClient' (OnClassCondition)

   WebFluxAutoConfiguration:
      Did not match:
         - @ConditionalOnClass did not find required class 'org.springframework.web.reactive.config.WebFluxConfigurer' (OnClassCondition)

   WebMvcAutoConfiguration#hiddenHttpMethodFilter:
      Did not match:
         - @ConditionalOnProperty (spring.mvc.hiddenmethod.filter.enabled) did not find property 'enabled' (OnPropertyCondition)

   WebMvcAutoConfiguration.ProblemDetailsErrorHandlingConfiguration:
      Did not match:
         - @ConditionalOnProperty (spring.mvc.problemdetails.enabled=true) did not find property 'enabled' (OnPropertyCondition)

   WebMvcAutoConfiguration.WebMvcAutoConfigurationAdapter#beanNameViewResolver:
      Did not match:
         - @ConditionalOnMissingBean (types: org.springframework.web.servlet.view.BeanNameViewResolver; SearchStrategy: all) found beans of type 'org.springframework.web.servlet.view.BeanNameViewResolver' beanNameViewResolver (OnBeanCondition)

   WebServiceTemplateAutoConfiguration:
      Did not match:
         - @ConditionalOnClass did not find required class 'org.springframework.oxm.Marshaller' (OnClassCondition)

   WebServicesAutoConfiguration:
      Did not match:
         - @ConditionalOnClass did not find required class 'org.springframework.ws.transport.http.MessageDispatcherServlet' (OnClassCondition)

   WebSessionIdResolverAutoConfiguration:
      Did not match:
         - @ConditionalOnClass did not find required class 'reactor.core.publisher.Mono' (OnClassCondition)

   WebSocketMessagingAutoConfiguration:
      Did not match:
         - @ConditionalOnClass did not find required class 'org.springframework.web.socket.config.annotation.WebSocketMessageBrokerConfigurer' (OnClassCondition)

   WebSocketReactiveAutoConfiguration:
      Did not match:
         - @ConditionalOnWebApplication did not find reactive web application classes (OnWebApplicationCondition)

   WebSocketServletAutoConfiguration.JettyWebSocketConfiguration:
      Did not match:
         - @ConditionalOnClass did not find required class 'org.eclipse.jetty.ee10.websocket.jakarta.server.config.JakartaWebSocketServletContainerInitializer' (OnClassCondition)

   WebSocketServletAutoConfiguration.UndertowWebSocketConfiguration:
      Did not match:
         - @ConditionalOnClass did not find required class 'io.undertow.websockets.jsr.Bootstrap' (OnClassCondition)

   XADataSourceAutoConfiguration:
      Did not match:
         - @ConditionalOnBean (types: org.springframework.boot.jdbc.XADataSourceWrapper; SearchStrategy: all) did not find any beans of type org.springframework.boot.jdbc.XADataSourceWrapper (OnBeanCondition)
      Matched:
         - @ConditionalOnClass found required classes 'javax.sql.DataSource', 'jakarta.transaction.TransactionManager', 'org.springframework.jdbc.datasource.embedded.EmbeddedDatabaseType' (OnClassCondition)


Exclusions:
-----------

    None


Unconditional classes:
----------------------

    org.springframework.boot.autoconfigure.context.ConfigurationPropertiesAutoConfiguration

    org.springframework.boot.autoconfigure.ssl.SslAutoConfiguration

    org.springframework.boot.autoconfigure.context.PropertyPlaceholderAutoConfiguration

    org.springframework.boot.autoconfigure.context.LifecycleAutoConfiguration

    org.springdoc.core.configuration.SpringDocSpecPropertiesConfiguration

    org.springframework.boot.autoconfigure.availability.ApplicationAvailabilityAutoConfiguration

    org.springframework.boot.autoconfigure.info.ProjectInfoAutoConfiguration



2025-01-17T17:28:51.355-05:00  INFO 5509 --- [main] com.example.clinic.ClinicApplication     : Started ClinicApplication in 33.049 seconds (process running for 35.216)
2025-01-17T17:28:51.364-05:00 DEBUG 5509 --- [main] o.s.b.a.ApplicationAvailabilityBean      : Application availability state LivenessState changed to CORRECT
2025-01-17T17:28:51.384-05:00 DEBUG 5509 --- [main] o.s.b.a.ApplicationAvailabilityBean      : Application availability state ReadinessState changed to ACCEPTING_TRAFFIC
2025-01-17T17:29:15.914-05:00  INFO 5509 --- [http-nio-8080-exec-2] o.a.c.c.C.[Tomcat].[localhost].[/]       : Initializing Spring DispatcherServlet 'dispatcherServlet'
2025-01-17T17:29:15.924-05:00  INFO 5509 --- [http-nio-8080-exec-2] o.s.web.servlet.DispatcherServlet        : Initializing Servlet 'dispatcherServlet'
2025-01-17T17:29:15.933-05:00 DEBUG 5509 --- [http-nio-8080-exec-2] o.s.web.servlet.DispatcherServlet        : Detected StandardServletMultipartResolver
2025-01-17T17:29:15.933-05:00 DEBUG 5509 --- [http-nio-8080-exec-2] o.s.web.servlet.DispatcherServlet        : Detected AcceptHeaderLocaleResolver
2025-01-17T17:29:15.934-05:00 DEBUG 5509 --- [http-nio-8080-exec-2] o.s.web.servlet.DispatcherServlet        : Detected FixedThemeResolver
2025-01-17T17:29:15.964-05:00 DEBUG 5509 --- [http-nio-8080-exec-2] o.s.web.servlet.DispatcherServlet        : Detected org.springframework.web.servlet.view.DefaultRequestToViewNameTranslator@26247027
2025-01-17T17:29:15.965-05:00 DEBUG 5509 --- [http-nio-8080-exec-2] o.s.web.servlet.DispatcherServlet        : Detected org.springframework.web.servlet.support.SessionFlashMapManager@77228160
2025-01-17T17:29:15.966-05:00 DEBUG 5509 --- [http-nio-8080-exec-2] o.s.web.servlet.DispatcherServlet        : enableLoggingRequestDetails='false': request parameters and headers will be masked to prevent unsafe logging of potentially sensitive data
2025-01-17T17:29:15.967-05:00  INFO 5509 --- [http-nio-8080-exec-2] o.s.web.servlet.DispatcherServlet        : Completed initialization in 38 ms
2025-01-17T17:29:16.015-05:00 DEBUG 5509 --- [http-nio-8080-exec-2] o.s.security.web.FilterChainProxy        : Securing GET /admin/allusers
2025-01-17T17:29:16.015-05:00 DEBUG 5509 --- [http-nio-8080-exec-1] o.s.security.web.FilterChainProxy        : Securing GET /admin/allusers
2025-01-17T17:29:16.238-05:00 DEBUG 5509 --- [http-nio-8080-exec-2] o.s.s.w.a.AnonymousAuthenticationFilter  : Set SecurityContextHolder to anonymous SecurityContext
2025-01-17T17:29:16.238-05:00 DEBUG 5509 --- [http-nio-8080-exec-1] o.s.s.w.a.AnonymousAuthenticationFilter  : Set SecurityContextHolder to anonymous SecurityContext
2025-01-17T17:29:16.243-05:00 DEBUG 5509 --- [http-nio-8080-exec-1] o.s.security.web.FilterChainProxy        : Secured GET /admin/allusers
2025-01-17T17:29:16.243-05:00 DEBUG 5509 --- [http-nio-8080-exec-2] o.s.security.web.FilterChainProxy        : Secured GET /admin/allusers
2025-01-17T17:29:16.252-05:00 DEBUG 5509 --- [http-nio-8080-exec-1] o.s.web.servlet.DispatcherServlet        : GET "/admin/allusers", parameters={}
2025-01-17T17:29:16.253-05:00 DEBUG 5509 --- [http-nio-8080-exec-2] o.s.web.servlet.DispatcherServlet        : GET "/admin/allusers", parameters={}
2025-01-17T17:29:16.264-05:00 DEBUG 5509 --- [http-nio-8080-exec-2] s.w.s.m.m.a.RequestMappingHandlerMapping : Mapped to com.example.clinic.Controller.AdminController#getAllUsers()
2025-01-17T17:29:16.265-05:00 DEBUG 5509 --- [http-nio-8080-exec-1] s.w.s.m.m.a.RequestMappingHandlerMapping : Mapped to com.example.clinic.Controller.AdminController#getAllUsers()
2025-01-17T17:29:16.275-05:00 DEBUG 5509 --- [http-nio-8080-exec-2] o.j.s.OpenEntityManagerInViewInterceptor : Opening JPA EntityManager in OpenEntityManagerInViewInterceptor
2025-01-17T17:29:16.279-05:00 DEBUG 5509 --- [http-nio-8080-exec-1] o.j.s.OpenEntityManagerInViewInterceptor : Opening JPA EntityManager in OpenEntityManagerInViewInterceptor
2025-01-17T17:29:16.362-05:00 DEBUG 5509 --- [http-nio-8080-exec-2] o.s.orm.jpa.JpaTransactionManager        : Found thread-bound EntityManager [SessionImpl(168087119<open>)] for JPA transaction
2025-01-17T17:29:16.363-05:00 DEBUG 5509 --- [http-nio-8080-exec-2] o.s.orm.jpa.JpaTransactionManager        : Creating new transaction with name [org.springframework.data.jpa.repository.support.SimpleJpaRepository.findAll]: PROPAGATION_REQUIRED,ISOLATION_DEFAULT,readOnly
2025-01-17T17:29:16.364-05:00 DEBUG 5509 --- [http-nio-8080-exec-1] o.s.orm.jpa.JpaTransactionManager        : Found thread-bound EntityManager [SessionImpl(847057394<open>)] for JPA transaction
2025-01-17T17:29:16.364-05:00 DEBUG 5509 --- [http-nio-8080-exec-1] o.s.orm.jpa.JpaTransactionManager        : Creating new transaction with name [org.springframework.data.jpa.repository.support.SimpleJpaRepository.findAll]: PROPAGATION_REQUIRED,ISOLATION_DEFAULT,readOnly
2025-01-17T17:29:16.528-05:00 DEBUG 5509 --- [http-nio-8080-exec-1] o.s.jdbc.datasource.DataSourceUtils      : Setting JDBC Connection [HikariProxyConnection@1709864162 wrapping com.mysql.cj.jdbc.ConnectionImpl@5b03c2ad] read-only
2025-01-17T17:29:16.690-05:00 DEBUG 5509 --- [http-nio-8080-exec-2] o.s.jdbc.datasource.DataSourceUtils      : Setting JDBC Connection [HikariProxyConnection@248233495 wrapping com.mysql.cj.jdbc.ConnectionImpl@6be8ce1b] read-only
2025-01-17T17:29:17.073-05:00 DEBUG 5509 --- [http-nio-8080-exec-1] o.s.orm.jpa.JpaTransactionManager        : Exposing JPA transaction as JDBC [org.springframework.orm.jpa.vendor.HibernateJpaDialect$HibernateConnectionHandle@50bfe909]
2025-01-17T17:29:17.237-05:00 DEBUG 5509 --- [http-nio-8080-exec-2] o.s.orm.jpa.JpaTransactionManager        : Exposing JPA transaction as JDBC [org.springframework.orm.jpa.vendor.HibernateJpaDialect$HibernateConnectionHandle@4caa06cf]
2025-01-17T17:29:18.928-05:00 DEBUG 5509 --- [http-nio-8080-exec-2] o.s.orm.jpa.JpaTransactionManager        : Initiating transaction commit
2025-01-17T17:29:18.930-05:00 DEBUG 5509 --- [http-nio-8080-exec-2] o.s.orm.jpa.JpaTransactionManager        : Committing JPA transaction on EntityManager [SessionImpl(168087119<open>)]
2025-01-17T17:29:18.928-05:00 DEBUG 5509 --- [http-nio-8080-exec-1] o.s.orm.jpa.JpaTransactionManager        : Initiating transaction commit
2025-01-17T17:29:18.932-05:00 DEBUG 5509 --- [http-nio-8080-exec-1] o.s.orm.jpa.JpaTransactionManager        : Committing JPA transaction on EntityManager [SessionImpl(847057394<open>)]
2025-01-17T17:29:19.385-05:00 DEBUG 5509 --- [http-nio-8080-exec-1] o.s.jdbc.datasource.DataSourceUtils      : Resetting read-only flag of JDBC Connection [HikariProxyConnection@1709864162 wrapping com.mysql.cj.jdbc.ConnectionImpl@5b03c2ad]
2025-01-17T17:29:19.528-05:00 DEBUG 5509 --- [http-nio-8080-exec-1] o.s.orm.jpa.JpaTransactionManager        : Not closing pre-bound JPA EntityManager after transaction
2025-01-17T17:29:19.528-05:00 DEBUG 5509 --- [http-nio-8080-exec-2] o.s.jdbc.datasource.DataSourceUtils      : Resetting read-only flag of JDBC Connection [HikariProxyConnection@248233495 wrapping com.mysql.cj.jdbc.ConnectionImpl@6be8ce1b]
2025-01-17T17:29:19.570-05:00 DEBUG 5509 --- [http-nio-8080-exec-1] o.s.w.s.m.m.a.HttpEntityMethodProcessor  : Using 'application/json', given [*/*] and supported [application/json, application/*+json, application/yaml]
2025-01-17T17:29:19.573-05:00 DEBUG 5509 --- [http-nio-8080-exec-1] o.s.w.s.m.m.a.HttpEntityMethodProcessor  : Writing [[com.example.clinic.Dto.ResponseDto.RegisterUserResponseDto@5eb1903b, com.example.clinic.Dto.Respons (truncated)...]
2025-01-17T17:29:19.699-05:00 DEBUG 5509 --- [http-nio-8080-exec-2] o.s.orm.jpa.JpaTransactionManager        : Not closing pre-bound JPA EntityManager after transaction
2025-01-17T17:29:19.700-05:00 DEBUG 5509 --- [http-nio-8080-exec-2] o.s.w.s.m.m.a.HttpEntityMethodProcessor  : Using 'application/json', given [*/*] and supported [application/json, application/*+json, application/yaml]
2025-01-17T17:29:19.700-05:00 DEBUG 5509 --- [http-nio-8080-exec-2] o.s.w.s.m.m.a.HttpEntityMethodProcessor  : Writing [[com.example.clinic.Dto.ResponseDto.RegisterUserResponseDto@2df18618, com.example.clinic.Dto.Respons (truncated)...]
2025-01-17T17:29:19.724-05:00 DEBUG 5509 --- [http-nio-8080-exec-1] o.j.s.OpenEntityManagerInViewInterceptor : Closing JPA EntityManager in OpenEntityManagerInViewInterceptor
2025-01-17T17:29:19.729-05:00 DEBUG 5509 --- [http-nio-8080-exec-2] o.j.s.OpenEntityManagerInViewInterceptor : Closing JPA EntityManager in OpenEntityManagerInViewInterceptor
2025-01-17T17:29:19.737-05:00 DEBUG 5509 --- [http-nio-8080-exec-1] o.s.web.servlet.DispatcherServlet        : Completed 200 OK
2025-01-17T17:29:19.738-05:00 DEBUG 5509 --- [http-nio-8080-exec-2] o.s.web.servlet.DispatcherServlet        : Completed 200 OK
2025-01-17T17:30:40.067-05:00 DEBUG 5509 --- [SpringApplicationShutdownHook] o.s.b.a.ApplicationAvailabilityBean      : Application availability state ReadinessState changed from ACCEPTING_TRAFFIC to REFUSING_TRAFFIC
2025-01-17T17:30:40.068-05:00 DEBUG 5509 --- [SpringApplicationShutdownHook] ConfigServletWebServerApplicationContext : Closing org.springframework.boot.web.servlet.context.AnnotationConfigServletWebServerApplicationContext@7f6f61c8, started on Fri Jan 17 17:28:21 COT 2025
2025-01-17T17:30:40.074-05:00 DEBUG 5509 --- [SpringApplicationShutdownHook] o.s.c.support.DefaultLifecycleProcessor  : Stopping beans in phase 2147482623
2025-01-17T17:30:40.077-05:00  INFO 5509 --- [SpringApplicationShutdownHook] o.s.b.w.e.tomcat.GracefulShutdown        : Commencing graceful shutdown. Waiting for active requests to complete
2025-01-17T17:30:40.085-05:00  INFO 5509 --- [tomcat-shutdown] o.s.b.w.e.tomcat.GracefulShutdown        : Graceful shutdown complete
2025-01-17T17:30:40.085-05:00 DEBUG 5509 --- [SpringApplicationShutdownHook] o.s.c.support.DefaultLifecycleProcessor  : Stopping beans in phase 2147481599
2025-01-17T17:30:40.085-05:00 DEBUG 5509 --- [tomcat-shutdown] o.s.c.support.DefaultLifecycleProcessor  : Bean 'webServerGracefulShutdown' completed its stop procedure
2025-01-17T17:30:40.088-05:00 DEBUG 5509 --- [SpringApplicationShutdownHook] o.s.c.support.DefaultLifecycleProcessor  : Bean 'webServerStartStop' completed its stop procedure
2025-01-17T17:30:40.089-05:00 DEBUG 5509 --- [SpringApplicationShutdownHook] o.s.c.support.DefaultLifecycleProcessor  : Stopping beans in phase 1073741823
2025-01-17T17:30:40.089-05:00 DEBUG 5509 --- [SpringApplicationShutdownHook] o.s.c.support.DefaultLifecycleProcessor  : Bean 'applicationTaskExecutor' completed its stop procedure
2025-01-17T17:30:40.089-05:00 DEBUG 5509 --- [SpringApplicationShutdownHook] o.s.c.support.DefaultLifecycleProcessor  : Stopping beans in phase -2147483647
2025-01-17T17:30:40.091-05:00 DEBUG 5509 --- [SpringApplicationShutdownHook] o.s.c.support.DefaultLifecycleProcessor  : Bean 'springBootLoggingLifecycle' completed its stop procedure
2025-01-17T17:30:40.095-05:00 DEBUG 5509 --- [SpringApplicationShutdownHook] o.s.j.e.a.AnnotationMBeanExporter        : Unregistering JMX-exposed beans on shutdown
2025-01-17T17:30:40.097-05:00 DEBUG 5509 --- [SpringApplicationShutdownHook] o.s.j.e.a.AnnotationMBeanExporter        : Unregistering JMX-exposed beans
2025-01-17T17:30:40.097-05:00 DEBUG 5509 --- [SpringApplicationShutdownHook] o.s.s.concurrent.ThreadPoolTaskExecutor  : Shutting down ExecutorService 'applicationTaskExecutor'
2025-01-17T17:30:40.105-05:00  INFO 5509 --- [SpringApplicationShutdownHook] j.LocalContainerEntityManagerFactoryBean : Closing JPA EntityManagerFactory for persistence unit 'default'
2025-01-17T17:30:40.111-05:00  INFO 5509 --- [SpringApplicationShutdownHook] com.zaxxer.hikari.HikariDataSource       : HikariPool-1 - Shutdown initiated...
2025-01-17T17:30:44.701-05:00  INFO 5509 --- [SpringApplicationShutdownHook] com.zaxxer.hikari.HikariDataSource       : HikariPool-1 - Shutdown completed.
